input_corrector,output_corrector,gold_standard,tag
"Na miña opinión, os pais deberían comprender ao adolescente e poder chegar a entender o seus problemas na sua vida e axudarlo o mellor que se pode, para que o neno senta ese apoio moral e poda tomar boas decisións ao largo da súa vida.","Na miña opinión, os pais deberían comprender ao adolescente e poder chegar a entender os seus problemas na súa vida e axudalo do mellor xeito posible, para que o neno sinta ese apoio moral e poida tomar boas decisións ao longo da súa vida.","Na miña opinión, os pais deberían comprender o adolescente e poder chegar a entender os seus problemas na súa vida e axudalo o mellor que se pode, para que o neno sinta ese apoio moral e poida tomar boas decisións ao longo da súa vida.",1
"Demais do dito, outros conflictos que se poden dar na casa é cando un fillo ten todo o quére e ameaza os pais con que se marcha ou fai que os seus pais discutan polo seu fillo.","Demais do dito, outros conflitos que se pode dar na casa é cando un fillo ten todo o querer e ameazan aos pais con que se marchan ou fan que os seus pais discuten polo seu fillo.","Ademais do dito, outros conflitos que se poden dar na casa ocorren cando un fillo ten todo o que quere e ameaza os pais con que se marcha ou fai que os seus pais discutan polo seu fillo.",1
"Na miña opinión a forma de actúar do pai non me parece a adecuada xa que por moi agobiado que este nese momento a filla non ten porque pagalo, aínda que é verdade que moitas veces os adolescentes e quizáis a maioría da xente empregamos a táctica de se eso non me funciona con un chamo ao outro, pero iso tamén acontece porque cun entendemonós mellor que co outro nalgúns aspectos.","Na miña opinión a forma de actuar do pai non me parece axeitada xa que por moito que estea agoirado no momento a nena non ten por que pagar o erro, aínda que é certo que moitos adolescentes empregan a estratexia de chamarlle á outra persoa cando falla unha primeira opción, mais isto ocorre porque nos entendemos mellor entre nós nalgunhas cuestións.","Na miña opinión, a forma de actuar do pai non me parece a adecuada, xa que, por moi agoniado que estea nese momento, a filla non ten por que pagalo, aínda que é verdade que moitas veces os adolescentes, e quizais a maioría da xente, empregamos a táctica de se iso non me funciona con un chamo ao outro "", pero iso tamén acontece porque con un entendémonos mellor que co outro nalgúns aspectos.",1
"En resumen, eu opino que o problema non é tan grave como se presenta no texto, e que cada vez a sociedade é mais culta, ademais, non se pode pretender que todos seamos ""Ángeles Carrocedas"" creo que os xenios, nacen sendo xenios.","En resumo, eu opino que o problema non é tan grave como se presenta no texto, e que cada vez a sociedade é máis culta, ademais, non se pode pretender que todos sexamos «ánxeles carroceda» creo que os xenio, nacen sendo xenio.","En resumo, eu opino que o problema non é tan grave como se presenta no texto, e que cada vez a sociedade é máis culta. Ademais, non se pode pretender que todos sexamos ""Ángeles Carracedos""; creo que os xenios, nacen sendo xenios.",1
Sen estes dous aspectos habería moi pouca evolución na sociedade xa que isto tamén beneficia ao sector económico.,Sen estes dous aspectos habería moi pouca evolución na sociedade xa que isto tamén beneficiaría o sector económico.,"Sen estes dous aspectos habería moi pouca evolución na sociedade, xa que isto tamén benefician o sector económico.",1
"A nosa propia natureza como seres humáns e a educación que recibimos acostúmanos dende novos a buscar referentes a imitar, modelos a seguir, ao mesmo xeito que de bebés aprendemos a valernos por nós mesmos.","A nosa propia natureza coma seres humanos e a educación que recibimos acostumanos dende pequenos a buscar referentes para imitar, modelos para seguir, do mesmo xeito que de bebés aprendemos a valermos por nós mesmos.","A nosa propia natureza como seres humanos e a educación que recibimos acostúmannos dende novos a buscar referentes a imitar, modelos a seguir, do mesmo xeito que de bebés aprendemos a valernos por nós mesmos.",1
"Medir 1,87, pesa 40 kl e cuidarse.","Medir 1,87 m., pesa 39 kg. e coidase.","medir 1,87, pesar 40 kg e cuidarse.",1
Moitas persoas sofren trastornos alimenticios por querer chegar ó nivel do canón establecido.,Moita xente sofre trastornos alimentarios para alcanzar o canon establecido.,Moitas persoas sofren trastornos alimentarios por querer chegar ó nivel do canon establecido.,1
"Polo que a solución sería o afastamento destas malas costumes e empezar con algunhas novas, cousa, que non se vai facer.","Polo que a solución sería o afastamento destas malas costumes e comezar con algunhas novas, cousa, que non se vai facer.","Polo que, a solución sería o afastamento destas malos costumes e empezar con algúns novos, cousa, que non se vai facer.",1
"O uso das tecnoloxías como de outras cousas con moderación é o que se debe facer, e evitar conflictos.","O uso das tecnoloxías coma doutras cousas con moderación é o que se debe facer, e evitar conflitos.","O Usar das tecnoloxías, como outras cousas, con moderación é o que se debe facer, e evitar conflitos.",1
"Ser modelo ou futbolista non é algo negativo e é moi comun que os nenos intenten ser como a xente que admiran ao igual que no pasado os nenos querian ser ""cowboys"" común chamados vaqueiros ou as nenas quixeron ser actrices; ademais co tempo os nenos cambian de opinión, polo tanto que un neno intenten ser como os seus heroes non e algo negativo.","Ser modelo ou futbolista non é algo negativo e é moi común que os nenos intenten ser coma a xente que admiran, do mesmo xeito que no pasado os nenos querían ser 'cowboys', comúns denominados vaqueiros, ou as nenas desexaban ser actrices; ademais co paso dos anos os nenos cambian de opinión, polo tanto que un neno intente ser coma os seus heroes non é algo negativo.","Ser modelo ou futbolista non é algo negativo e é moi común que os nenos intenten ser como a xente que admiran, ao igual que no pasado os nenos querían ser ""cowboys"", comunmente chamados vaqueiros, ou as nenas querían ser actrices; ademais, co tempo os nenos cambian de opinión; polo tanto, que un neno intente ser como os seus heroes non é algo negativo.",1
"A autora mostrase crítica en canto a mocidade quere dende pequenos ser futbolistas ou modelos, xa que é o que ven na tele e o que a sociedade parece que lle da mais importancia e restandolle importancia a cousas tan importantes como a musica, a ciencia, o teatro ou mismamente como vai a cultura do teu país e a presenza que ten a cultura galega nas radios, nas televisións, no cine, na prensta e ese é o problema, xa que non se valora as cousas mais importantes que non coñecemos debido a nosa ignorancia.","A autora móstrase crítica en canto á mocidade quere desde pequenos ser futbolista ou modelo, xa que é o que ve na tele e o que a sociedade parece que lle dá máis importancia e restando importancia a cousas tan importantes coma a música, a ciencia, o teatro ou mesmo a cultura do teu país e a súa presenza nos medios audiovisuais, na prensa escrita e nese sentido, pois ben, porque non valoramos o importante que son esas outras cousas das que non temos coñecemento por mor da nosa ignorancia.","A autora móstrase crítica en canto a que os mozos queiran dende pequenos ser futbolistas ou modelos, xa que é o que ven na tele e ó que a sociedade parece que lle dá máis importancia, e restándolle importancia a cousas tan importantes como a música, a ciencia, o teatro ou mesmamente a como vai a cultura do teu país e á presenza que ten a cultura galega nas radios, nas televisións, no cine, na prensa. E ese é o problema, xa que non se valora as cousas máis importantes que non coñecemos debido á nosa ignorancia.",1
"A sociedade da imaxe, sen dúbida alguna vivimos nunha socieedade maís inhibida que nunca do coñecemento.","A sociedade da imaxe, sen dúbida algunha vivimos nunha sociedade máis inhibida ca nunca do coñecimento.","A sociedade da imaxe: sen dúbida ningunha, vivimos nunha sociedade máis inhibida que nunca do coñecemento.",1
"Porque nós non nos damos conta de todo o diñeiro que gastan; a comida para toda a familia, a luz da casa, o auga da casa, o seguro do coche, o seguro da casa,... En conclusión, para min estamos demasiado mimados a veces e escedemos en gastos.","Porque nós non nos damos conta de todo o diñeiro que gastamos; a comida para toda a familia, a luz da casa, o auga da casa, o seguro do coche, o seguro da casa,... En conclusión, para min estamos demasiado mimadas ás veces e excedémonos en gastos.","Porque nós non nos damos conta de todo o diñeiro que gastan; a comida para toda a familia, a luz da casa, a auga da casa, o seguro do coche, o seguro da casa,... En conclusión, para min estamos demasiado consentidos ás veces e excedémonos en gastos.",1
"Os fillos non podemos gastarnos todo o diñeiro en caprichos, xoguetes (e cando empezan a fumar, todo o diñeiro que se gasta en tabaco), temos que gastar o xusto e o necesario, de vez en cando algunha roupa, algún xoguete ou algún videoxogo, pero é iso, de vez en cando, non todos os días porque senón acaban arruinados.","Os fillos non podemos gastármonos todo o diñeiro en caprichos, xoguetes (e cando comezan a fumar, todo o diñeiro que se gasta en tabaco), temos que gastalo con tino e coidado, de vez en cando algunha roupa, algún xoguete ou algún videoxogo, pero é iso, de vez en cando, non todos os días porque senón acaban arruinados.","Os fillos non podemos gastar todo o diñeiro en caprichos, xoguetes (e cando empezamos a fumar, todo o diñeiro que se gasta en tabaco); temos que gastar o xusto e o necesario, de vez en cando algunha roupa, algún xoguete ou algún videoxogo, pero é iso, de vez en cando, non todos os días, porque, senón, acaban arruinados.",1
"Moitos hemos pasado por esta fase, o cal non quere dicir que esté ben.","Moitoes pasamos por esa fase, o cal non significa que estea ben.","Moitos pasamos por esta fase, o cal non quere dicir que estea ben.",1
"Pero é unha etapa na que as hormonas nos controlan ao 200 %; sentímonos incomprendidos, e pensamos, relacionado co que antes cité; que coma os nosos pais son ""de outra época"" ou que ""as cousas han cambiado"" non nos comprenden.","Pero é unha etapa na que as hormonas nos controlan ao 100 % ; sentímonos incomprendidos, e pensamos, relacionado co que antes citei; que como os nosos pais son «de outra época» ou que «as cousas cambiaron», non nos comprenden.","Pero é unha etapa na que as hormonas nos controlan ao 200 %; sentímonos incomprendidos, e pensamos, relacionado co que antes citei, que, como os nosos pais son ""doutra época"" ou como ""as cousas cambiaron"", non nos comprenden,",1
"O malo é que a cuestión sigue sendo que isto non cambia, que queremos todo o que os demais teñen sen pararse a pensar en que é o que realmente se quere e gusta.","O malo é que a cuestión segue sendo que isto non cambia, que queremos todo o que os demais teñen sen pararnos a pensar en que é o que realmente se quere e gusta.","O malo é que a cuestión segue sendo que isto non cambia, que queremos todo o que os demais teñen sen pararnos a pensar en que é o que realmente se queremos e nos gusta.",1
"Por outro lado cabe destacar que o que critica a autora sobre que a infancia soñe con ser futbolista ou modelo, non ten ningún punto de vista negativo, xa que todo o mundo e libre de e querer ser canto quera.","Por outro lado cabe destacar que o que crítica a autora sobre que a infancia sóne con ser futbolista ou modelo, non ten ningún punto de vista negativo, xa que todo o mundo é libre de e querer ser canto queira.","Por outro lado, cabe destacar que o que critica a autora sobre que a infancia soñe con ser futbolista ou modelo, non ten ningún aspecto negativo, xa que todo o mundo é libre de e querer ser canto queira.",1
"Os conflitos entre pais e fillos son algo habitual xa que que queren mostrar as súas opinións, pero sempre mantendo as formas e a educación.","Os conflitos entre pais e fillos son algo habitual xa que queren mostrar as súas opinións, pero sempre mantendo as formas e a educación.","Os conflitos entre pais e fillos son algo habitual, xa que que queren mostrar as súas opinións, pero sempre mantendo as formas e a educación.",1
"Por outro lado, tamén penso que nesta situación os pais de Vanesa non están pasando por un bo momento, e o pai neste caso, estao a pagar ca súa filla, como moitas veces pasa nas familias, que os fillos sen ter culpa, as pagan igualmente.","Por outro lado, tamén penso que nesta situación os pais de Vanessa non están pasando por un bo momento, e o pai neste caso, estao a pagar coa súa filla, coma moitas veces pasa nas familias, que os fillos sen ter culpa, as pagan igualmente.","Por outro lado, tamén penso que nesta situación os pais de Vanesa non están pasando por un bo momento, e o pai, neste caso, estao a pagar coa súa filla, como moitas veces pasa nas familias, en que os fillos, sen ter culpa, as pagan igualmente.",1
"Eu, como experiencia, podo contar que conocin unha rapaza que ca misma idade ca min, estaba tola da cabeza, quero dicir, a rapaza estaba tan desesperada porque súa nai a deixara en paz, que como os pais estaban divorciados, marchou co seu pai, e ainda por encima, denunciou a nai, polo que, cada vez penso que hai máis conflitos familiares.","Eu, como experiencia, podo contar que coñecín unha rapaza que coa mesma idade ca min, estaba tola da cabeza, quero dicir, a rapaza estaba tan desesperada porque a súa nai a deixaba en paz, que como os pais estaban divorciados, marchou co seu pai, e aínda por riba, denunciou á nai, polo que, cada vez penso que hai máis conflitos familiares.","Eu, como experiencia, podo contar que coñecín unha rapaza que, coa mesma idade ca min, estaba tola da cabeza; quero dicir, a rapaza estaba tan desesperada por que súa nai a deixara en paz, que, como os pais estaban divorciados, marchou co seu pai, e, aínda por encima, denunciou a nai, polo que, cada vez penso que hai máis conflitos familiares.",1
"En definitiva, debemos saber tratar os adolescentes porque están nunha fase de cambio e as veces non son eles propiamente pero débese diferenciar o que se pode permitir e o que non e dónde se deben poñer unhas normas.","En definitiva, debemos saber tratar os adolescentes porque están nunha fase de cambio e ás veces non son eles propiamente senón que hai que diferenciarse do que se pode permitir e do que non é onde se deben pór unhas normas.","En definitiva, debemos saber tratar os adolescentes porque están nunha fase de cambio e ás veces non son eles propiamente, pero débese diferenciar entre o que se pode permitir e o que non e saber onde se deben poñer unhas normas.",1
"Primeiramente, non é xusto valorar o estado da sociedade tendo en conta o que as persoas soñan na súa infancia.","Primeiro, non é xusto valorar o estado da sociedade tendo en conta o que as persoas soñan na súa infancia.","Primeiramente, non é xusto valorar o estado da sociedade tendo en conta aquilo co que as persoas soñan na súa infancia.",1
A autora deste fragmento critica que a mocidade e a infancia soña con ser futbolista ou modelo maioritariamente e penso que ten toda a razón do mundo.,A autora deste fragmento crítica que a mocidade e a infancia soñan con ser futbolista ou modelo maioritariamente e penso que ten toda a razón do mundo.,A autora deste fragmento critica que a mocidade e a infancia soñe con ser futbolista ou modelo maioritariamente e penso que ten toda a razón do mundo.,1
"Ademáis da influencia que ten unha modelo ou un futbolista nos nenos, dando a entender que un corpo perfecto, e moitas veces, extremadamente delgado e pouco saudable, é o camiño cara o éxito e a felicidade, levando ó seu paso enfermidades alimenticias que poden rematar na morte O mesmo ocorre cós futbolistas, que se non estás en grandes equipos, ou se directamente o fútbol non é o teu, nunca serás nada na vida.","Ademáis da influencia que ten unha modelo ou un futbolista nos nenos, dando a entender que un corpo perfecto, e moitas veces, extremadamente delgado e pouco saudable, é o camiño cara o éxito e a felicidade, levando á súa vez enfermidades alimenticias que poden rematar na morte O mesmo ocorre cos futbolistas, que se non estás nun grande equipo, ou se directamente o fútbol non é o teu, nunca serás nada na vida.","Ademais da influencia que ten unha modelo ou un futbolista nos nenos, ao dar a entender que un corpo perfecto, e, moitas veces, extremadamente delgado e pouco saudable, é o camiño cara ao éxito e a felicidade, levando ó seu paso enfermidades alimentarias que poden rematar na morte. O mesmo ocorre cos futbolistas: que se non estás en grandes equipos, ou se directamente o fútbol non é o teu, nunca serás nada na vida.",1
"Outros problemas entre pais e fillos son menos importantes; o toque de queda, os amigos cos queda para saír ou as relacións amorosas.","Outros problemas entre pais e fillos son menos importantes; o toque de queda, os amigos con que queda para saír ou as relacións amorosas.","Outros problemas entre pais e fillos son menos importantes: o toque de queda, os amigos cos que quedan para saír ou as relacións amorosas.",1
O texto pon coma exemplo de conflitos entre pais e fillos unha discusión telefónica.,O texto pon como exemplo de conflitos entre pais e fillos unha discusión telefónica.,O texto pon como exemplo de conflitos entre pais e fillos unha discusión telefónica.,0
"Moitos dirán que a fama é complicada xa que está exposta a vida de alguén a quen queira vela, pero máis difícil é ser profesor que son os encargados de formar ós próximos profesionais ou os médicos que teñen nas súas mans a responsabilidade de salvar unha vida ou un piloto de aviación que en cada viaxe ten nas súas mans as vidas de polo menos 200 persoas.","Moito dirá que a fame é complexa porque está exposta á vida de alguén que quere velo, mais máis difícil é ser profesor que son os responsables de formar aos futuros profesionais ou os médicos que teñen nas súas mans a responsabilidade de salvar unha vida ou un piloto de aviación que en cada voo ten nas súas mans as vidas de polo menos cen cincuenta persoas.","Moitos dirán que a fama é complicada, xa que está exposta a vida de alguén a quen queira vela, pero máis difícil é ser profesor, que son os encargados de formar os próximos profesionais, ou os médico, que ten nas súas mans a responsabilidade de salvar unha vida, ou un piloto de aviación, que en cada viaxe ten nas súas mans as vidas de polo menos 200 persoas.",1
Nos tempos antigos os fillos acataban todo tipo de normas dádalas por seus pais pero nos tempos que corren parece que os fillos son os que obrigan os pais.,Nos tempos antigos os fillos acataban todo tipo de normas dadas polos seus pais pero nos tempos que corren parecen que os fillos son os que obrigan aos pais.,"Nos tempos antigos os fillos acataban todo tipo de normas dadas por seus pais, pero nos tempos que corren parece que os fillos son os que obrigan ós pais.",1
"Penso que tamén inflúen moitas veces nese deseo de carto rápido a nosa propia familia, que polo menos nalgúns casos, incitan aos seus fillos a xogar ao fútbol cunha presión innecesaria e llo transmiten aos seus fillos.","Penso que tamén inflúe moitas veces nesa desexo de carro rápido a nosa propia familia, que polo menos nalgúns casos, incítanos aos nosos fillos a xogar ao fútbol cunhas presións innecesarias e llas transmitimos.","Penso que tamén inflúe moitas veces nese desexo de carto rápido a nosa propia familia, que, polo menos nalgúns casos, incita aos seus fillos a xogar ao fútbol cunha presión innecesaria e lles transmiten aos seus fillos ese desexo.",1
"O problema da falta de comprensión entre ven xa de lonxe, pois, en xeral, a adolescencia é unha etapa da vida de calquera na que da comezo o proceso de madurar, mais, antes do fin do proceso, o adolescente considérase xa capaz de tomar as súas propias decisións, e non admite os razonamentos de ningún outro, o que provoca un choque cos seus pais, cos que, xeralmente está, obrigado a vivir, pois éstes seguen a ser responsables das decisións dos seus fillos, polo que, a menudo, os fan escoller a que consideran correcta.","O problema da falta de comprensión entre veña xa de lonxe, pois, en xeral, a adolescencia é unha etapa da vida de calquera na que comeza o proceso de maduración, mais, antes do seu final, o adolescente considera xa capaz de tomar as súas propias decisións, e non acepta os razoamentos de ninguén, o que provoca un choque cos seus pais, cos que, xeralmente, segue a estar obrigado a convivir, porque eles continúan sendo responsábeis das decisións dos seus fillos, polo que, con frecuencia, son estes quen teñen que elixir por el/ela.","O problema da falta de comprensión entre pais e fillos vén xa de lonxe, pois, en xeral, a adolescencia é unha etapa da vida de calquera persoa na que dá comezo o proceso de madurar, mais, antes do fin do proceso, o adolescente considérase xa capaz de tomar as súas propias decisións, e non admite os razoamentos de ningún outro, o que provoca un choque cos seus pais, cos que, xeralmente, está, obrigado a vivir, pois estes seguen a ser responsables das decisións dos seus fillos, polo que, a miúdo, lles fan escoller a que consideran correcta.",1
"Esta claro que a culpa a teñen os fillos, xa que nadie lles obriga a actuar así, pero os pais tamen teñen algo de culpa por exemplo un adolescente que non quere facer nada da súa vida, e o pai o único que fai e decirlle todo o malo que fai, iso non é correcto e lóxico, que lle vote a bronca pero tamen hai que motivalo pra que saque forzas de onde xa non lle quedan pra facer algo da sua vida xa sexa estudar o traballar.","Esta claro que a culpa a teñen os fillos, xa que ninguén lles obriga a actuar así, pero os pais tamén teñen algo de culpa, por exemplo, un adolescente que non queira facer nada na súa vida, e o pai o único que faga é dicirlle todo o mal que fai; iso non é correcto nin lóxico, que lle bote a bronca mais tamén hai que motivalo para que saque forzas de onde xa non lle quedan para facer algo da súa vida, xa sexa estudar ou traballar.","Está claro que a culpa a teñen os fillos, xa que ninguén os obriga a actuar así, pero os pais tamén teñen algo de culpa: por exemplo, un adolescente que non quere facer nada da súa vida, e o pai o único que fai é dicirlle todo o malo que fai. Iso non é correcto e lóxico; que lle bote unha reprimenda si, pero tamén hai que motivalo pra que saque forzas de onde xa non lle quedan pra facer algo da súa vida, xa sexa estudar ou traballar.",1
"Opino que os problemas non se resolven nin peleando nin con castigos; os problemas entre pais e fillos arránxanse falando e dándolle a confianza ao teu fillo de contarte o que lle pasa, porque moitas veces esta rebeldía é a causa de outros problemas máis graves e posiblemente descoñecidos para os pais.","Opino que os problemas non se resolven nin peleando nin con castigos; os problemas entre pais e fillos arránxanse falando e dándolles aos teus fillos a confianza de contarte o que lles pasa, porque moitas veces esta rebeldía é a causa doutros problemas máis graves e quizais descoñecidos polos pais.","Opino que os problemas non se resolven nin pelexando nin con castigos; os problemas entre pais e fillos arránxanse falando e dándolle a confianza ao teu fillo de contarche o que lle pasa, porque moitas veces esta rebeldía é a causa doutros problemas máis graves e posiblemente descoñecidos para os pais.",1
"Normalmente, a ceda idade dos 15 - 16 anos, os fillos entran na coñecida idade ""do pavo"" na cal estes, atopan e descubren cosas novas na súa vida, as hormonas, etc. Xeralmente, a esta idade, os xóvenes teñen o sentimento de ninguén os entende, e moito menos os pais.","Normalmente, á ceda idade dos quince – dezaseis anos, os fillos entran na coñecida idade “do pavo” na que estes, encontran e descobren cousas novas na súa vida, as hormonas, etc. Xeralmente, nesta idade, os mozos teñen o sentimento de ninguén os entende, e moito menos os pais.","Normalmente, á temperá idade dos 15 - 16 anos, os fillos entran na coñecida idade ""do pavo"", na cal estes, atopan e descobren cousas novas na súa vida, as hormonas, etc. Xeralmente, a esta idade, os mozos teñen o sentimento de que ninguén os entende, e moito menos os pais.",1
"En conclusión, hai que actuar con sensatez e no primeiro mínimo contacto de violencia xa hai que facer algo e cortar desde o primer momento.","En conclusión, hai que actuar con sensatez e no primeiro mínimo contacto de violencia xa hai que facer algo e cortar desde o primer momento.","En conclusión, hai que actuar con sensatez e no primeiro e mínimo acto de violencia xa hai que facer algo e cortar desde o primeiro momento.",1
Ou dunha pequena idea se consiga escribir un libro ou unha canción?,Ou dunha pequena idea se consegue escribir un libro ou unha canción?,Ou que dunha pequena idea se consiga escribir un libro ou unha canción?,1
"Todas as preguntas que se nos fan no texto son inconte para nós, porque como di no último parágrafo, a cultura galega non está presente en ningún medio polo que non é culpa da mocidade en concreto, senón da globalización.","Todas as preguntas que se nos fan no texto son incontables para nós, porque como di no último parágrafo, a cultura galega non está presente en ningún medio polo que non é culpa da mocidade en concreto, senón da globalización.","Todas as preguntas que se nos fan no texto son incontestábeis para nós, porque, como di no último parágrafo, a cultura galega non está presente en ningún medio, polo que non é culpa da mocidade en concreto, senón da globalización.",1
"Neste texto a autora fala de que gran parte da mocidade de hoxe en dia soña con ser futbolista ou modelo, e que ese feito é algo negativo para a sociedada.","Neste texto a autora fala de que gran parte da mocidade de hoxe en día soña con ser futbolista ou modelo, e que ese feito é algo negativo para a sociedade.","Neste texto a autora fala de que gran parte da mocidade de hoxe en día soña con ser futbolista ou modelo, e de que ese feito é algo negativo para a sociedade.",1
Cómo non van a querer os rapaces e rapazas ser futbolistas ou modelos se son estes os que aparecen non anuncios?,Cómo non van a querer os rapaces e rapazas ser futbolistas ou modelos se son eles os que aparecen nos anuncios?,"Como non van a querer os rapaces e rapazas ser futbolistas ou modelos se son estes os que aparecen nos anuncios,",1
"Para comezar, hoxe en día son máis os adolescentes, que teñen unha actitude tirana cos seus pais ou hainos que cren que todo lles saldra ben sen ter que facer nada.","Para comezar, hoxe en día son máis os adolescentes, que teñen unha actitude tirana cos seus pais ou hai quen cre que todo lles sairá ben sen ter que facer nada.","Para comezar, hoxe en día son máis os adolescentes, que teñen unha actitude tirana cos seus pais ou hainos que cren que todo lles sairá ben sen ter que facer nada.",1
Os pais utilizan o castigo como medio cando o seu fillo non se porta ben; isto non vai a axudar xa que o volverán a facer polo que o mellor método é unha charla onde expliques as repercusións que tendrán os seus feitos.,Os pais utilizan o castigo como medio cando o seu fillo non se porta ben; isto non vai a axudar xa que o volveran a facer polo que o mellor metodo é unha charla onde expliquesas repercusións que teran os seus feitos.,", os pais utilizan o castigo como medio cando o seu fillo non se porta ben; isto non vai a axudar, xa que o volverán a facer, polo que o mellor método é unha charla onde expliques as repercusións que terán os seus feitos.",1
"Tamén a cociña con Carlos Arguiñano, cociñeiro con moitas estrelas michelín; o que impulsa á xente a cociñar e aprender recetas novas, ou tamén inventalas eles.","Tamén a cociña con Carlos Arguiñano, cociñeiro con moitas estrelas Michelin; o que impulsa á xente a cociñar e aprender receitas novas, ou tamén inventalas elas.","Tamén cómpre mencionar ""A cociña con Karlos Arguiñano"", programa dun cociñeiro con moitas estrelas Michelin; o que impulsa a xente a cociñar e aprender receitas novas, ou tamén a inventalas eles.",1
"As comidas tradicionais sempre estaran ahí polo contrario, España é famosa pola tortilla de patacas, Francia polas ""crepes"" e Italia pola súa pasta.","As comidas tradicionais estarán aí polo contrario, España é famosa pola tortilla de patacas, Francia polas crepes e Italia pola súa pasta.","As comidas tradicionais sempre estarán aí, polo contrario. España é famosa pola tortilla de patacas, Francia polas ""crêpes"" e Italia pola súa pasta.",1
"Outra causa importante para a popularidade da gastronomía foi o seu paso á televisión mediante programas e realitis shows, en ocasións programas onde se realiza alta cociña como Masterchef por exemplo.","Outra causa importante para a popularidade da gastronomía foi o seu paso á televisión mediante programas e realities shows, en ocasións programas onde se realiza alta cociña como MasterChef por exemplo.","Outra causa importante para a popularidade da gastronomía foi o seu paso á televisión mediante programas e realities shows, en ocasións programas onde se realiza alta cociña, como MasterChef, por exemplo.",1
"Cando dende sempre ir de compras supoñía ir a mercar algo que necesitas como os produtos básicos (comida, bebida...), agora ir de compras é un novo ""hobie"", os medios de comunicación fan que desexes e necesites ou creas necesitar algo e vas a compralo, ir de compras é divertido pero simplemente é consumismo.","Cando dende sempre ir de compras supoñía ir a mercar algo que precisas como os produtos básicos (comida, bebida...), agora ir de compras é un novo 'hobie', os medios de comunicación fan que desexes e precises ou creas precisar algo e vas a compralo, ir de compras é divertido mais sómente é consumismo.","Cando dende sempre ir de compras supoñía ir a mercar algo que necesitas, como os produtos básicos (comida, bebida...), agora ir de compras é un novo ""hobby"". Os medios de comunicación fan que desexes e necesites ou creas necesitar algo e vas a compralo. Ir de compras é divertido, pero simplemente é consumismo.",1
A todos os rapaces da miña idade supoño que polo menos algunha vez discutimos cos nos pais.,A todos os rapaces da miña idade supoño que por algún motivo ou outro discutimos con eles.,"A Todos os rapaces da miña idade, supoño que polo menos algunha vez, discutimos cos nosos pais.",1
"En conclusión eu creo que deberiamos ter máis paciencia e non enfadarnos sempre por calquera tontería e falar mellor as cousas por que cando hai comunicación as persoas entense mellor e tamén ter máis empatía cos nosos pais que xa teñen suficiente por que, ¿como sería unha vida sen pais?","En conclusión, eu creo que deberíamos ter máis paciencia e non enfadarnos sempre por calquera tontería e falar mellor as cousas por que, cando hai comunicación, as persoas entiénense mellor e tamén ter máis empatía cos nosos pais que xa teñen suficiente por que, como sería unha vida sen pais?","En conclusión, eu creo que deberiamos ter máis paciencia e non enfadarnos sempre por calquera miudeza e falar máis as cousas, porque cando hai comunicación as persoas enténdense mellor e tamén ter máis empatía cos nosos pais, que xa teñen suficiente, porque, ¿como sería unha vida sen pais?",1
"Fai aproximadamente dous anos, Mercedes Queixas publicou este artigo en ""Palavra Comum"" nel gorece o seu particular sentido de ver a sociedade actual, e chega a decir ""o feito de que a infancia e a mocidade soñe con ser futbolista ou modelo moi maioritariamente"" aludindo a despreocupación cultural actual.","Fai aproximadamente dous anos, Mercedes Queixas publicou este artigo en ""Palabra Común"" no que expón o seu particular sentido de ver a sociedade actual, e di que ""o feito de que a infancia e a mocidade soñen con ser futbolistas ou modelos maioritariamente"" alude á falta de interese pola cultura.","Hai aproximadamente dous anos, Mercedes Queixas publicou este artigo en ""Palavra Comum"". nel ofrece a súa particular maneira de ver a sociedade actual, e chega a dicir ""o feito de que a infancia e a mocidade soñe con ser futbolista ou modelo moi maioritariamente"", aludindo á despreocupación cultural actual.",1
"En mi opinion, eu penso que estes comportamentos deben ser correxidos xa que poden chegar a destruír o futuro do adolescente, e a familia.","En miña opinión, penso que estes comportamentos deben ser corrixidos xa que poden chegar a destruír o futuro da persoa adolescente, e a súa familia.","Na miña opinión, eu penso que estes comportamentos deben ser corrixidos, xa que poden chegar a destruír o futuro do adolescente, e a familia.",1
"A persoa adolescente por unha serie de motivos vese, por así decilo, ""obrigada"" a través do seu instinto a exercer unha vida máis libre tendendo á desobediencia e desacordo cos pais na maioría de situacións.","A persoa adolescente por unha serie de motivos vese, por así dicilo, «obligada» a través do seu instinto a exercer unha vida máis libre tendendo á desobediência e desacordo cos pais na maioría de situacións.","A persoa adolescente, por unha serie de motivos, vese, por así dicilo, ""obrigada"" a través do seu instinto a exercer unha vida máis libre, tendendo á desobediencia e desacordo cos pais na maioría de situacións.",1
Estes conflitos tamén levan a peleas no núcleo familiar.,Estes conflitos tamén levam a pelexas no núcleo familiar.,Estes conflitos tamén levan a pelexas no núcleo familiar.,1
"É dicir, fixeron unha contribución real a humanidade.","É dicir, fixeron unha contribución real á humanidade.","É dicir, fixeron unha contribución real á humanidade.",0
Os adolescentes hoxe en día son moito máis rebeldes que antes e pretenden ser demasiado independentes.,Os adolescentes hoxe en día son moito máis rebeldes ca antes e pretenden ser demasiado independentes.,Os adolescentes hoxe en día son moito máis rebeldes que antes e pretenden ser demasiado independentes.,1
"A miña pregunta é ¿Porque non ser médicos, arquitectos, dentistas...?","A miña pregunta é ¿Por que non ser médicos, arquitectos, dentistas... ?","A miña pregunta é: ¿por que non ser médicos, arquitectos, dentistas...,?",1
"Tamén é certo que no caso de Don Mariano, contesta de mala maneira e con malas palabras, e non é a forma máis axeitada de dirixirse a unha filla que, ao mellor, non se percatou do problema que lle supuxo ao seu pai atender esa chamada, o que agravaría aínda máis o problema.","Tamén é certo que no caso de Don Mariano, contesta de mala maneira e con malas palabras, e non é a forma máis axeitada de dirixirse a unha filla que, ao mellor, non se percatara do problema que lle supuso ao seu pai atender esa chamada, o que agravaría aínda máis o problema.","Tamén é certo que, no caso de don Mariano, contesta de mala maneira e con malas palabras, e non é a forma máis axeitada de dirixirse a unha filla que, ao mellor, non se decatou do problema que lle supuxo ao seu pai atender esa chamada, o que agravaría aínda máis o problema.",1
"Non todo o mundo pode chegar a xogar nunha Liga profesional porque é imposibel igual que o de ser modelo, para iso necesitase pasar unha serie de probas e ter un bó estado físico e moitas persoas que intentasen obter estos resultados non o conseguirian porque é un esforzo moi grande.","Non todo o mundo pode chegar a xogar nunha liga profesional porque é imposible como o de ser modelo, para iso hai que superar unha serie de probas e estar en bo estado físico e moitas persoas que intentaran conseguir estes resultados non o conseguiran porque é un esforzo demasiado grande.","Non todo o mundo pode chegar a xogar nunha liga profesional porque é imposíbel, igual que o de ser modelo. Para iso necesítase pasar unha serie de probas e ter un bo estado físico e moitas persoas que intentasen obter estes resultados non o conseguirían porque supón un esforzo moi grande.",1
"Neste caso dedúcese que o que pasa é que a filla de Don Mariano quere ir de compras e a nai non lle deixa, polo que chama ó seu pai para intentar convencelo.","Neste caso dedúcese que o que pasa é que a filla de Don Mariano quere ir de compras e a súa nai non lle deixa, polo que chama á súa avoa para tentar convencela.","Neste caso dedúcese que o que pasa é que a filla de don Mariano quere ir de compras e a nai non lle deixa, polo que chama ó seu pai para intentar convencelo.",1
"Eu creo que cando somos nenos deberíamos obter unha boa educación por parte dos nosos pais privandonos de certos obxetos, aínda que choremos porque non o repetiremos nun futuro porque sabemos que non funciona.","Eu creo que cando somos nenos debemos recibir unha boa educación por parte dos nosos pais privándonos de certos obxectos, aínda que choraramos porque non o repetirémos nun futuro porque sabemos que non funciona.","Eu creo que cando somos nenos deberiamos recibir unha boa educación por parte dos nosos pais, privándonos de certos obxectos, aínda que choremos, porque non o repetiremos nun futuro porque sabemos que non funciona.",1
"Neste momento nos que podamos darnos de conta do que está a suceder coa perda de interese das principais manifestacións científico-culturais, é cando deberíamos pensar todos os cidadans que é o que estamos a facer mal e se o que queremos, para o futuro das vindeiras xeracións é que aspiren a traballar como tronistas dalgún reality televisivo.","Neste momento podemos darnos de conta do que está a suceder coa perda de interese polas principais manifestacións científico-culturais, é cando debemos pensar todos os cidadáns que é o que estamos facendo mal e se o que queremos, para as futuras xeracións, é que aspiren a traballar coma tronistas dalgúns realities televisivos.","Neste momento no que podemos darnos de conta do que está a suceder coa perda de interese das principais manifestacións científico-culturais, é cando deberiamos pensar todos os cidadáns que é o que estamos a facer mal e se o que queremos, para o futuro das vindeiras xeracións é que aspiren a traballar como tronistas dalgún reality televisivo.",1
"En resumen, creo que todos deberíamos valorar máis outras cousas non tan materialistas, e chamar a alguén, aínda que sepas que está traballando, só en caso de emerxencia.","En resumo, creo que todos deberiamos valorar máis outras cousas non tan materialista, e chamar a alguén, aínda que sepa que estea traballando, so en caso de emerxencia.","En resumo, creo que todos deberiamos valorar máis outras cousas non tan materialistas, e chamar a alguén, cando saibas que está traballando, só en caso de emerxencia.",1
"Cando deberíamos plantearnos a idea de que eles xa tiveron a nosa idade, e que as súas hormonas tamén estiveron ""dando tumbos"" pola súa cabeza.","Cando deberiamos plantearnos a idea de que elas xa tiveron a nosa idade, e que as súas hormonas tamén estiveran dando tumbos pola súa cabeza.","cando deberiamos considerar a idea de que eles xa tiveron a nosa idade, e que as súas hormonas tamén estiveron ""dando tombos"" pola súa cabeza.",1
"Desde moi pequenos recibimos diferentes influencias que nos marcan para o resto das nosas vidas, creando ilusións que nunca poderemos cumplir, debido a nosa condición social, ao noso físico etc... Primeiramente cabe dicir que ter aspiracións altas na vida no é algo malo, senón todo o contrario, xa que senón sempre estaríamos na nosa zona de confort.","Desde moi pequenos recibimos diferentes influencias que nos marcan para o resto das nosas vidas, creando ilusións que nunca podremos cumprir, debido á nosa condición social, ao noso físico etc… Primeiramente cabe dicir que ter aspiracións altas na vida non é algo malo, senón todo o contrario, xa que sen elas sempre estariamos na nosa zona de conforto.","Desde moi pequenos recibimos diferentes influencias que nos marcan para o resto das nosas vidas, creando ilusións que nunca poderemos cumprir, debido á nosa condición social, ao noso físico etc.... Primeiramente, cabe dicir que ter aspiracións altas na vida non é algo malo, senón todo o contrario, xa que, se non, sempre estariamos na nosa zona de confort.",1
"Estou de acordo que o pai non lle dé a razón a súa filla se non a ten porque él non pode contradicir a educación que súa nai lle está impoñendo, me refiro a que si un lle consinte unha cousa e outro non lla consinte eso é unha mala referencia para a adolescente.","Estou de acordo con que o pai non lle dea a razón á súa filla se non a ten porque el non pode contradícir a educación que a súa nai lle está impoñendo, referíndome a que se un lle consente unha cousa e outro non llo consente iso é unha mala referencia para a adolescente.","Estou de acordo con que o pai non lle dea a razón á súa filla se non a ten, porque el non pode contradicir a educación que súa nai lle está impoñendo. me refiro a que, se un lle consente unha cousa e outro non lla consente, iso é unha mala referencia para a adolescente.",1
A adolescente quere ir a sitios caros e o pai lle di que hai moitos máis sitios para comprala rebaixada.,A adolescente quere ir a lugares caros e o pai díxolle que hai moitos outros lugares onde mercar roupa rebentada.,A adolescente quere ir a sitios caros e o pai lle dille que hai moitos máis sitios para comprala rebaixada.,1
"A rapaza precisa de chamar a atención dos seus pais (os cales non estarán moito na casa), é o fai de forma caprichosa.","A rapaza precisa de chamar a atención dos seus pais (os cales non estarán moito na casa), faino de forma caprichosa.","A rapaza precisa de chamar a atención dos seus pais (os cales non estarán moito na casa), e o faino de forma caprichosa.",1
"E estos conflictos familiares se desvanecen, lóxicamente todos nos tenemos pequenos roces aos 15, 30 ou 40 anos cos nosos pais, familiares e amigos, pero é o normal.","E estes conflitos familiares se desvanecen, lóxicamente todos nós temos pequenos roces aos 15, 30 ou 40 anos cos nosos pais, familiares e amigos, pero é o normal.","E estes conflitos familiares se desvanécense. Loxicamente todos nós temos pequenos rozamentos aos 15, 30 ou 40 anos cos nosos pais, familiares e amigos, pero é o normal.",1
"A parte xa o simple feito de que as nenas queran ser modelos e os nenos futbolistas, nós amosa esa desigualdad que nós debemos erradicar.","A parte xa só o simples feito de que as nenas queiran ser modelos e os nenos futbolistas, nos amósanos esa desigualdade que debemos erradicar.","Á parte, xa o simple feito de que as nenas queiran ser modelos e os nenos futbolistas, nós amósanos esa desigualdade que nós debemos erradicar.",1
"Na época de adolescencia é unha época chea de conflictos xa que é unha etapa dura nosas vidas, e cando somos tan novos e inexpertos necesitamos o apoio de figuras paternas e maternas, sen embargo non é unha tarea doada xa que é a idade con máis cambios de humor e incomprensión por parte dos nenos xa que está chea de cambios, tanto corporales como na mentalidade.","Na época de adolescencia é unha época chea de conflitos xa que é unha etapa dura das nosas vidas, e cando somos tan novos e inexpertos necesitamos o apoio de figuras paternais e maternas, sen embargo non é unha tarefa doada xa que é a idade con máis cambios de humor e incomprensión por parte dos nenos xa que está chea de cambios, tanto corporais coma na mentalidade.","A época da adolescencia é unha época chea de conflitos, xa que é unha etapa dura das nosas vidas, e cando somos tan novos e inexpertos necesitamos o apoio de figuras paternas e maternas. Porén, non é unha tarefa doada, xa que é a idade con máis cambios de humor e incomprensión por parte dos nenos, xa que está chea de cambios, tanto corporais como na mentalidade.",1
"É así, que temos que tentar favorecer e axudar á sociedade da cultura, da información e de igualdade, onde todo non estea dominado polos cartos, e sexan estes os que inflúen aos nosos xoves.","É así, que temos que intentar favorecer e axudar á sociedade da cultura, da información e de igualdade, onde todo non estea dominado polos cartos, e sexan estes os que inflúan nos nosos mozos.","É así, que temos que tentar favorecer e axudar á sociedade da cultura, da información e da igualdade, onde todo non estea dominado polos cartos, e non sexan estes os que inflúan nos nosos xoves.",1
"Os nenos non teñen a heroes como científicos ou feministas, xa que son os estándares da sociedade actual os que non os valoran en sí.","Os nenos non teñen heroes coma científicos ou feministas, xa que son os estándares da sociedade actual os que non os valoran en si mesmos.","Os nenos non teñen a heroes como científicos ou feministas, xa que son os estándares da sociedade actual os que non os valoran en si mesmos.",1
"Por iso, temos que cambiar, dende o meu punto, o ensino e os valores que estan mamando os máis pequenos.","Por iso, temos que cambiar, desde o meu punto, o ensino e os valores que están mamando os máis pequenos.","Por iso, temos que cambiar, dende o meu punto de vista, o ensino e os valores que están mamando os máis pequenos.",1
Os pais hoxe en día teñen unha difícil labor cos fillos.,Os pais hoxe en día teñen unha difícil tarefa cos fillos.,Os pais hoxe en día teñen un difícil labor cos fillos.,1
Estou de acordo con que non fixeron unha labor cultural pero si un esforzo físico progresivo.,Estou de acordo con que non fixeron unha labor cultural pero si un esforzo físico progresivo.,"Estou de acordo con que non fixeron un labor cultural, pero si un esforzo físico progresivo.",1
"Estes rapaces son o futuro da cultura galega e se non coñecen os orixes da súa cultura, que será cando estes rapaces e rapazas teñan fillos?","Estes rapaces son o futuro da cultura galega e se non coñecen os seus orixes, que será cando estas persoas teñan fillos?","Estes rapaces son o futuro da cultura galega e se non coñecen as orixes da súa cultura, que ocorrerá cando estes rapaces e rapazas teñan fillos?",1
Todo isto produce un empobrecemento cultural da sociedade xa que o que importa é o fútbol e a vida das distintas personaxes públicas.,Todo isto produce un empobrecimento cultural da sociedade xa que o que importa é o fútbol e a vida das distintas persoas públicas.,"Todo isto produce un empobrecemento cultural da sociedade, xa que o que importa é o fútbol e a vida das distintos personaxes públicos.",1
"Chegamos a esta situación pola cultura do carto rápido como menciona o texto de Mercedes Queixas, a sociedade promove a búsqueda de fortuna a cambio de nada en lugar de buscar o reconocimento social por unha labor ben feita.","Chegamos a esta situación pola cultura do carro rápido como menciona o texto de Mercedes Queixas, a sociedade promove a busca da fortuna a cambio de nada en lugar de buscar o recoñecemento social por unha labor ben feita.","Chegamos a esta situación pola cultura do carto rápido. Como sinala o texto de Mercedes Queixas, a sociedade promove a busca de fortuna a cambio de nada en lugar de buscar o recoñecemento social por un labor ben feito.",1
"Toda esta xente trascendeu, deixando tras de si un legado que fai posible a sociedade na que vivimos.","Toda esta xente transcendeu, deixando tras de si un legado que fai posible a sociedade na que vivimos.","Todas estas xente trascenderon, deixando tras de si un legado que fai posible a sociedade na que vivimos.",1
A confianza e o respeto veñen ligados á educación.,A confianza e o respecto veñen ligados á educación.,A confianza e o respecto veñen ligados á educación.,0
"Na miña opinión, visto dende fóra, o problema entre Vanesa e os seus pais é a rebeldía e o seu desexo de facer o que lle ven en gana Aínda así, non apoio que os pais lle falten ao respeto aos seus fillos cando non fan o que deben ou levan unha mala racha.","Na miña opinión, visto dende fóra, o problema entre Vanesa e os seus pais é a rebeldía e o seu desexo de facer o que lles ve en gana; aínda así, non apoio que os pais lles falten ao respecto aos seus fillos cando non fan o que deben ou levan unha mala racha.","Na miña opinión, visto dende fóra, o problema entre Vanesa e os seus pais é a rebeldía e o seu desexo de facer o que lle apetece. Aínda así, non apoio que os pais lles falten ao respecto aos seus fillos cando non fan o que deben ou levan unha mala tempada.",1
A falta de educación é un problema moi grave xa que cada vez a sociedade vaise facendo máis vulgar; a falta de respeto hacia os pais orixina que non teñan respeto polas outras persoas.,A falta de educación é un problema moi grave xa que cada vez a sociedade vai facéndose máis vulgar; a falta de respecto cara aos pais origina que non teñamos respecto por outras persoas.,"A falta de educación é un problema moi grave, xa que cada vez a sociedade se vai facendo máis vulgar; a falta de respecto cara aos pais orixina que non teñan respecto polas outras persoas.",1
"Imos crecendo e xogamos ás bonecas, e son tan perfetas, altas e delgadas.","Iremos medrando e xogaremos coas bonecas, e serán tan perfectas, altas e esbeltas.","Imos crecendo e xogamos ás bonecas, e son tan perfectas, altas e delgadas.",1
"En conclusión, o mellor que podes facer é educar a teu fillo dunha maneira adecuada, non só polo simple feito de que sempre che pida cousas, se non, porque a súa actitude contigo será totalmente diferente.","En conclusión, o mellor que podes facer é educar a túa filla dunha maneira axeitada, non só polo simples feito de que ela te pida constantemente cousas, senón tamén por mor da súa actitude cara ti.","En conclusión, o mellor que podes facer é educar ao teu fillo dunha maneira adecuada, non só polo simple feito de que sempre che pida cousas, senón, porque a súa actitude contigo será totalmente diferente.",1
"Isto pasou, pasa e pasará por que todos somos nenos nalgún momento na nosa vida, eu penso nos nosos pais e penso pobres, o que lle facemos pasar.","Isto pasou, pasa e pasará porque todos somos nenos nalgún momento da nosa vida, penso nos meus pais e penso pobres, o que lles fixemos pasar.","Isto pasou, pasa e pasará porque todos somos nenos nalgún momento na nosa vida. Eu penso nos nosos pais e penso: ""pobres, o que lles facemos pasar"".",1
"Non é só pola ropa, se nón que agora coa época da tecnoloxía gastase moito máis.","Non é só pola roupa, senón tamén porque na era tecnolóxica gastamos moito diñeiro.","Non é só pola roupa, senón que agora, coa época da tecnoloxía, gástase moito máis.",1
A realidade non é tan negativa como a presenta se non que ese feito e algo moi normal.,A realidade non é tan negativa como a presenta; se non que ese feito é algo moi normal.,"A realidade non é tan negativa como a presenta, senón que ese feito é algo moi normal.",1
"En conclusión, quizá a cultura galega en certos ámbitos non sexa o máis interesante para os rapaces, pero non é por que soamente soñen con modelos e deportistas, senon porque buscan outro tipo de cultura sexa artística, científica ou doutro tipo...","En conclusión, quizais a cultura galega en certos ámbitos non sexa o máis interesante para os rapaces, mais non é por que unicamente soñan con modelos e deportistas, senón porque buscan outro tipo de cultura sexa artística, científica ou doutra índole…","En conclusión, quizá a cultura galega en certos ámbitos non sexa o máis interesante para os rapaces, pero non é porque soamente soñen con modelos e deportistas, senón porque buscan outro tipo de cultura, sexa artística, científica ou doutro tipo.",1
Que os mozos queran ser futbolistas ou modelos é un sono que moitos teñen na mente pero que en realidade saben que é algo moi dificil de realizar a si que é mellor que estuden a que segan con un soño que non se vai poder cumplir.,Que os mozos queren ser futbolistas ou modelos é un soño que moitos teñen na mente pero que en realidade saben que é algo moi difícil de realizar; por iso é mellor que estudien a que sigan cun soño que non se vai cumprir.,"Que os mozos queiran ser futbolistas ou modelos é un soño que moitos teñen na mente, pero que en realidade saben que é algo moi difícil de realizar, así que é mellor que estuden a que sigan cun soño que non se vai poder cumprir.",1
"Por parte dos pais que só queren o mellor para os seus fillos, e para os fillos que queren ter liberdade coma os adultos.","Por parte dos pais que só queren o mellor para os seus fillos, e para os fillos que queren ter liberdade coma os adultos.","Por parte dos pais, que só queren o mellor para os seus fillos, e, por parte dos fillos, que queren ter liberdade coma os adultos.",1
"É certo que moitos nenos e nenas teñen soños con ser futbolistas ou modelos, é de acordo a autora, non é un bo síntoma de mentalidade social.","É certo que moitos nenos e nenas teñen soños con ser futbolistas ou modelos, segundo a autora, non é un bo síntoma da súa mentalidade social.","É certo que moitos nenos e nenas teñen soños de ser futbolistas ou modelos, e, de acordo á autora, non é un bo síntoma da mentalidade social.",1
"Por norma xeral, neste tipo de conflitos, cando o pai ou a nai din que non a algo que a filla ou o fillo queren, adoita ser para que os fillos aprendan unha lección, co cal, sempre deberían facerlle caso aos pais, e por desgracia, isto non é así.","Por norma xeral, neste tipo de conflitos, cando o pai ou a nai din que non a algo que a filla ou o fillo queren, adoitan ser para que os fillos aprendan unha lección, polo cal, sempre deben facerlles caso ós pais, e por desgraza, isto non é así.","Por norma xeral, neste tipo de conflitos, cando o pai ou a nai din que non a algo que a filla ou o fillo queren, adoita ser para que os fillos aprendan unha lección, co cal, sempre deberían facerlles caso aos pais, e, por desgraza, isto non é así.",1
"Un deles é o típico que ocorre cando o pai ou, en este caso a nai, dille que non a algo que o fillo ou filla desexa.","Un deles é o típico que ocorre cando o pai ou, neste caso a nai, lle di que non a algo que o fillo ou filla desexan.","Un deles é o típico que ocorre cando o pai, ou, neste caso a nai, lle di que non a algo que o fillo ou a filla desexa.",1
Realmente deberíase cobrar en función a responsabilidade á que se esté exposto no traballo e non por saír na televisión ou en internet.,Realmente debería cobrarse en función da responsabilidade á que se estea exposta no traballo e non pola exposición mediática.,Realmente deberíase cobrar en función á responsabilidade á que se estea teña no traballo e non por saír na televisión ou en Internet.,1
"Problemas como este poden levarse ao extremo como pode verse en programas como ""Hermano mayor"" onde os rapaces causan problemas serios nas casas.","Problemas coma estes poden levarse ao extremo como pode verse en programas como 'Hermano maior', onde os rapaces causan problemas serios nas casas.","Problemas como este poden levarse ao extremo, como pode verse en programas como ""Hermano Mayor"", onde os rapaces causan problemas serios nas casas.",1
"Os nenos e nenas de hoxe en día crecen acostumados a analizar moita información que poden percibir a través de internet, anuncios pola rúa ou pola televisión, sobre todo pola televisión.","Os nenos e as nenas de hoxe en día crecen acostumados a analizar moita información que poden percibir a través de internet, anuncios pola rúa ou pola televisión, sobre todo pola televisión.","Os nenos e nenas de hoxe en día crecen acostumados a analizar moita información que poden percibir a través de Internet, anuncios pola rúa ou pola televisión, sobre todo pola televisión...",1
estos conflictos veñen dados por ambas dúas partes xa que é unha etapa onde os fillos pasan de ser nenos a adolescentes e iso ás veces non é doado para os pais.,estes conflitos veñen dados por ambas as dúas partes xa que é unha etapa onde os fillos pasan de ser nenos a adolescentes e iso ás veces non é doado para os pais.,"Estes conflitos veñen dados por ambas as dúas partes, xa que é unha etapa onde os fillos pasan de ser nenos a adolescentes e iso ás veces non é doado para os pais.",1
"con isto non quero dicir que os grandes persoaxes públicos sexan uns vagos, cada un vive do que lle gusta e polo que loita.","con isto non quero dicir que os grandes persoaxes públicos son uns vagos, cada un vive do que lle gusta e polo que loita.","Con isto non quero dicir que os grandes personaxes públicos sexan uns vagos, cada un vive do que lle gusta e polo que loita.",1
Estos modelos de comportamento e seguimento deben cambiar.,Estes modelos de comportamento e seguimento deben cambiarse.,Estes modelos de comportamento e seguimento deben cambiar.,1
"Verdadeiramente, como di a autora, estos personaxes non deberían nin influenciar desta maneira nin ser capaces de persuadir á sociedade.","Verdadeiramente, como di a autora, estes personaxes non deberían nin influír nesta maneira nin ser capaces de persuadir á sociedade.","Verdadeiramente, como di a autora, estes personaxes non deberían nin influenciar desta maneira nin ser capaces de persuadir a sociedade.",1
"Todos esos momentos non se mostran e igual sería moi interesante facelo, porque nesta vida, de balde, non hai nada.","Todos eses momentos non se mostran e igual sería moi interesante facelo, porque nesta vida, de balde, non hai nada.","Todos eses momentos non se mostran e igual sería moi interesante facelo, porque nesta vida, de balde, non hai nada.",0
"No obstante os fillos nalgúns casos son moi irresponsables e non pensan que aos pais lles costa traballar para que nos poidamos disfrutar dunhas condicións de vida boas Algunas persoas non lle importa o esforzo realizado polos pais senon que se dedican a pedir diñeiro ou que lle compre roupa e eles en vez de recompensar polo menos aos seus pais estudando, pasanse o tempo saindo cos seus amigos.","No entanto, algúns dos nenos son moi desagradecidos e non valoran o traballo duro que fan os seus pais para proporcionarlles unha boa calidade de vida. Algunhas persoas non respectan o sacrificio feito por estes últimos senón que piden constantemente cartos ou cousas materiais mentres pasan o seu tempo libre con outros amigos.","Non obstante, os fillos nalgúns casos son moi irresponsables e non pensan que aos pais lles custa traballar para que nós poidamos gozar dunhas condicións de vida boas. A algunhas persoas non lles importa o esforzo realizado polos pais, senón que se dedican a pedir diñeiro ou que lles compren roupa e eles, en vez de recompensar polo menos aos seus pais estudando, pasan o tempo saíndo cos seus amigos.",1
"Mais tamén pode ser de que o rapaz non estea ben cos seus pais e por iso haia ises problemas ou que estea con moito estrés, na cal isto pode xerar problemas temporais.","Mais tamén pode ser de que o rapaz non estea ben cos seus pais e por iso hai eses problemas ou que estea con moito estrés, no cal isto pode xerar problemas temporais.","Mais tamén pode ser de que o rapaz non estea ben cos seus pais e por iso haxa eses problemas ou que estea con moito estrés, o cal isto pode xerar problemas temporais.",1
"Un inconveniente máis propio da actualidade da convivencia entre pais e fillos é a gran taxa de paro xuvenil, pois, hai anos, ante unha situación familiar totalmente insostenible, o fillo só tiña que agardar aos dezaoito anos para traballar e poder saír da casa, mais, hoxe, se non quere rematar vivindo na rúa, necesita estudos para atopar un traballo, e, mentres estuda, ten que estar na casa, o que pode provocar, na maioría dos casos, que o fillo remate de madurar e faga as paces cos seus pais ou, noutros, que o fillo teña que ""buscarse a vida"", o que non sempre remata ben.","Un inconveniente máis propio da actualidade da convivencia entre pais e fillos é a grande taxa de paro xuvenil, pois, hai anos, ante unha situación familiar totalmente insostenible, o fillo só tiña que esperar ós dezaoito anos para traballar e poder saír da casa, mais, hoxe, se non quere acabar vivindo na rúa, precisa estudos para atopar un traballo, e, mentres estuda, ten que estar na casa, o que pode provocar, na maioría dos casos, que o fillo acabe de madurecer e faga as paces cos seus pais ou, noutros, que o fillo teña que 'buscarse a vida', o que non sempre acaba ben.","Un inconveniente máis propio da actualidade da convivencia entre pais e fillos é a gran taxa de paro xuvenil, pois, hai anos, ante unha situación familiar totalmente insostible, o fillo só tiña que agardar aos dezaoito anos para traballar e poder saír da casa, mais, hoxe, se non quere rematar vivindo na rúa, necesita estudos para atopar un traballo, e, mentres estuda, ten que estar na casa, o que pode provocar, na maioría dos casos, que o fillo remate de madurar e faga as paces cos seus pais ou, noutros, que o fillo teña que ""buscar a vida"", o que non sempre remata ben.",1
"Estas actitudes non son boas nin pra os fillos nin pra os pais, as cales poden chegar a acabar en conflicto.","Estas actitudes non son boas nin para os fillos nin para os pais, que poden chegar a acabar en conflito.","Estas actitudes non son boas nin pra os fillos nin pra os pais, e as cales poden chegar a acabar en conflito.",1
"A audiencia medra considerablemente na información deportiva, especialmente tras eventos ""sinalados"", dos cales poden estar falando e sacándolles información e temas durante un gran número de días.","A audiencia medra considerablemente na información deportiva, especialmente tras eventos ""sinalados"", dos cales poden estar falando e sacándolles información e temas durante un grande número de días.","A audiencia medra considerablemente na información deportiva, especialmente tras eventos ""sinalados"", dos cales poden estar falando e sacando información e temas durante un gran número de días.",1
"En conclusión, a mocidade, tanto pequenos como maiores, debería de deixar de centrarse en ser popular e chegar a ser quen realmente se quere, e con una cultura básica.","En conclusión, a mocidade, tanto pequenos coma maiores, debería de deixar de centrarse en ser popular e chegar a ser quen realmente se quere, e cunha cultura básica.","En conclusión, a mocidade, tanto pequenos como maiores, debería de deixar de centrarse en ser popular e chegar a ser quen realmente se quere, e cunha cultura básica.",1
"Na miña opinión creo que é culpa das dúas partes: dos pais por consentir máis do que deben e dos fillos por ser demasiado egoístas O outro problema é o de ""dillo a mamá"" ou ""dillo a papá"", que é o que a maioría dos pais din ós seus fillos cando non teñen a forza para tomar unha decisión ou simplemente queren quitarse a responsabilidade de enriba.",Na miña opinión creo que é culpa das dúas partes: dos pais por consentir máis do que deben e dos fillos por ser demasiado egoísta,"Na miña opinión, creo que é culpa das dúas partes: dos pais por consentir máis do que deben e dos fillos por ser demasiado egoístas. O outro problema é o de ""dillo a mamá"" ou ""dillo a papá"", que é o que a maioría dos pais din ós seus fillos cando non teñen a forza para tomar unha decisión ou simplemente queren quitar a responsabilidade de enriba.",1
"Non discuto, que ás veces pódase dar un capricho ao fillo, pero todo en exceso é malo, e ao mellor chega o momento no que non podas compracelos como sempre e estes estén mal acostumados.","Non discuto, que ás veces pódese dar un capricho ao fillo, pero todo en exceso é malo, e ao mellor chega o momento no que non poidas complacelo coma sempre e este estea mal acostumado.","Non discuto, que ás veces se poida dar un capricho ao fillo, pero todo en exceso é malo, e ao mellor chega o momento no que non poidas compracelo como sempre e o rapaz estea mal acostumado.",1
"A importancia da imaxe persoal ten máis valor que nunca, deixando como consecuencia, atrás todo tipo de coñecementos que lle axuden a mellorar como persoa.","A importancia da imaxe persoal ten máis valor que nunca, deixando como consecuencia, atrás todo tipo de coñecementos que lle axudan a mellorar como persoa.","A importancia da imaxe persoal ten máis valor que nunca, deixando, como consecuencia, atrás todo tipo de coñecementos que nos axuden a mellorar como persoas.",1
"Os pais, preocupados polos seus fillos, a súa estabilidade e o seu futuro, ás veces, intentan dar unha gran protección e pouca liberdade aos seus fillos que acaba por aborrecer a estes creando así un malestar no ambiente familiar.","Os pais, preocupados polo s seus fillos, pola súa estabilidade e polo seu futuro, ás veces, intentan darlles unha grande protección e pouca liberdade que acabará por aborrecelos a eles mesmos, creando así un malestar na familia.","Os pais, preocupados polos seus fillos, a súa estabilidade e o seu futuro, ás veces, intentan dar unha gran protección e pouca liberdade aos seus fillos, que acaban por aborrecer a aqueles, creando así un malestar no ambiente familiar.",1
"En conclusión, a protección dos pais aos cativos é necesaria, así como o consello destes, e aínda sendo esta en xusta medida os problemas de entendemento na casa nestas idades son prácticamente inevitables.","En conclusión, a protección dos pais aos cativos é necesaria, así como o seu consello, e aínda que sexa esta en xusta medida os problemas de entendemento na casa nestes anos son practicamente inevitables.","En conclusión, a protección dos pais aos cativos é necesaria, así como o consello destes, e, aínda ofrecéndose a primeira na súa xusta medida, os problemas de entendemento na casa nestas idades son practicamente inevitables.",1
"Por outra banda una sobreprotección do menor por parte dos pais, pode levar a este a una inestabilidade moi perigosa en todolos ámbitos da rutina diaria.","Por outra banda unha sobreprotección do menor por parte dos pais, pode levalos a unha inestabilidade moi perigosa en todos os ámbitos da súa rutina diaria.","Por outra banda, unha sobreprotección do menor por parte dos pais, pode levar a aquel a unha inestabilidade moi perigosa en tódolos ámbitos da rutina diaria.",1
"Ensinemos os nenos o verdadeiro significado do valor, de a gran riqueza.","Ensinémoslle aos nenos o verdadeiro significado do valor, da grande riqueza.","Ensinemos ós nenos o verdadeiro significado do valor, da gran riqueza.",1
O gracioso é que non me sorprende en absoluto ningunha das dúas respostas xa que os culpables de elas somos nós e a sociedade na que vivimos.,O gracioso é que non me sorprenden en absoluto ningunha das dúas respostas xa que os culpables delas somos nós e a sociedade na que vivimos.,"O gracioso é que non me sorprende en absoluto ningunha das dúas respostas, xa que os culpables delas somos nós e a sociedade na que vivimos.",1
"De estas situacións moitas veces proveñen os casos de acoso ou ""bullying"" que se sofre tanto na escola como polas redes.",De estas situacións moitas veces proveñen os casos de acoso ou «bullying» que se sofre tanto na escola como polas redes.,"Destas situacións moitas veces proveñen os casos de acoso ou ""bullying"" que se sofre tanto na escola como polas redes.",1
"Todos os deportistas, non tiveron un acceso ao carto rápido como di no texto.","Todos os deportistas, non tiveron un acceso ao carro rápido como di no texto.","Todos os deportistas, non tiveron un acceso ao carto rápido, como di no texto.",1
Pero hai outros cómo por exemplo cando unha nai ou un pai manda facer algo e non o fan.,Pero hai outros como por exemplo cando unha nai ou un pai mandan facer algo e non o fan.,"Pero hai outros como, por exemplo, que unha nai ou un pai manda facer algo e non o fagan.",1
"Se ben é certo que a falta de mentes privilexiadas escasea, non creo que que os rapaces queiran ser futbolistas ou modelos sexa algo malo.","Se ben é certo que a falta de mentes privilexiadas escasea, non creo que que os rapaces queiran ser futbolistas ou modelos sexa algo malo.","Se ben é certo que a falta de mentes privilexiadas escasea, non creo que que os rapaces queiran ser futbolistas ou modelos sexa algo malo.",0
Neste caso fala dese conflicto pero existen moitos máis.,Neste caso fala deses conflictos pero existen moitos máis.,"Neste caso fala dese conflito, pero existen moitos máis.",1
Non pensa nas repercusións que pode ter.,non pense nas repercusións que pode ter,Non pensa nas repercusións que poden ter.,1
A infancia e a mocidade soña con ser futbolista e modelo porque son traballos sinxelos e no que gañan moito diñeiro pero a realidade é que non todo o mundo pode ser futbolista ou modelo.,A infancia e a mocidade soñaban con ser futbolistas e modelos porque eran empregos simples nos que gañaban moito diñeiro mais a realidade era que non todos podían ser futbolistas ou modelos.,"A infancia e a mocidade soña con ser futbolista e modelo porque son traballos sinxelos e nos que gañan moito diñeiro, pero a realidade é que non todo o mundo pode ser futbolista ou modelo.",1
"Non só as novas xeracións están implicadas nestes ámbitos, eu creo que todos en maior ou menor medida dexesamos dedicarnos algunha vez a algo relacionado con estes dous mundos.","Non só as novas xeracións están implicadas nestes ámbitos, eu creo que todos en maior ou menor medida desexamos dedicarnos algunha vez a algo relacionado con estes dous mundos.","Non só as novas xeracións están implicadas nestes ámbitos. Eu creo que todos, en maior ou menor medida, desexamos dedicarnos algunha vez a algo relacionado con estes dous mundos.",1
"Eu penso que se debería empezar a apostar por unha sociedade na que se desenvolvan ámbitos como o do cine o do teatro ou algo que revalorize a cultura galega, unha das cousas que nos implica a todos e que por desgraza está moi pouco desenvolta.","Eu penso que se deberíamos comezar a apostar por unha sociedade na que se desenvolvesen ámbitos coma o da arte ou algo que valorizase a nosa cultura, unha das cousas que nos implican a todas e que por desgraza está moi pouco desenvolvida.","Eu penso que se debería empezar a apostar por unha sociedade na que se desenvolvan ámbitos como o do cine, o do teatro ou algo que revalorice a cultura galega, unha das cousas que nos implica a todos e que por desgraza está moi pouco desenvolvida.",1
"Se desenboca nisto, a familia terá un grave problema, posto que isto non axuda a súa unión, o contrario separaa máis.","Se desenvólvese neste, a familia terá un grave problema, pois isto non axuda á súa unión, senón que a separa aínda máis.","Se desemboca nisto, a familia terá un grave problema, posto que isto non axuda á súa unión, ó contrario, sepáraa máis.",1
"Pero aínda que nos comprendan teñen que nos marcar unhas directrices a seguir, xa que somos inespertos e tomamos decisións aloucadas e sen unha previa meditación, e por riba non pensamos no noso futuro solo no presente, en pasalo ben e disfrutar ata o último segundo de todo.","Pero aínda que nos comprendan teñen que nos marcar unhas directrices a seguir, xa que somos inexpertos e tomamos decisións aloucadas e sen unha previa meditación, e por riba non pensamos no noso futuro só no presente, en pasalo ben e desfrutar ata o último segundo de todo.","Pero aínda que nos comprendan teñen que nos marcar unhas directrices a seguir, xa que somos inexpertos e tomamos decisións aloucadas e sen unha previa meditación, e por riba non pensamos no noso futuro, só no presente, en pasalo ben e gozar ata o último segundo de todo.",1
"No texto temos o exemplo dunha filla, Vanesa, que discute cos seus pais porque quere ir mercar ropa nova e eles neganse coa excusa de que xa ten moita no seu armario.","No texto temos o exemplo dunha filla, Vanessa, que discute cos seus pais porque quere ir comprar roupa nova e eles négranse coa excusa de que xa ten moito na súa armaria.","No texto temos o exemplo dunha filla, Vanesa, que discute cos seus pais porque quere ir mercar roupa nova e eles néganse coa escusa de que xa ten moita no seu armario.",1
"O problema é que as veces a razón temola nos, e eles case nunca o admiten, e por isto que moitos adolescentes revelanse e o que podía ser unha simple conversación domestica convertese nunha grave discusión.","O problema é que ás veces a razón témolo nós, e eles case nunca o admiten, e por iso que moitos adolescentes revo...","O problema é que ás veces a razón témola nós, e eles case nunca o admiten. É por isto que moitos adolescentes se rebelan e o que podía ser unha simple conversación doméstica convértese nunha grave discusión.",1
Na época da adolescencia é moi común que a xuventude sea abariciosa e non se den conta do que implica comprar certas cousas.,Na época da adolescencia é moi común que a mocidade sexa avariciosa e non se decaten do que implica mercar certas cousas.,Na época da adolescencia é moi común que a xuventude sexa avariciosa e non se dea conta do que implica comprar certas cousas.,1
"Por ultimo, cave destacar que e mais facil que un neno xogue ao futbol que so necesita un balón en vez de xogar o laboratorio que necesita ferramentas, polo que é mais facil que o futbol se achegue a mocidade.","Por último, cabe destacar que é máis fácil que un neno xoga ao fútbol que só precisa unha pelota en vez de xogar no laboratorio que require ferramentas, polo que é máis fácil que o fútbol se aproxime á mocidade.","Por último, cabe destacar que é máis fácil que un neno xogue ao futbol, que só necesita un balón, en vez de xogar ó laboratorio, que necesita ferramentas, polo que é máis fácil que o fútbol se achegue á mocidade.",1
A día de hoxe bombardéasenos con noticias vanais constantemente deixando totalmente de lado a cultura ou os novos descubrimentos científicos.,A día de hoxe bombardeánsenos con noticias vanas constantemente deixando totalmente de lado a cultura ou os novos descubrimentos científicos.,"A día de hoxe bombardéasenos con noticias banais constantemente, deixando totalmente de lado a cultura ou os novos descubrimentos científicos.",1
Nalgúns casos os pais teñen unha visión do que é mellor para o seu fillo incorrecto.,Nalgúns casos os pais teñen unha visión do que é mellor para o seu fillo incorrecta.,"Nalgúns casos, os pais teñen unha visión do que é mellor para o seu fillo incorrecta.",1
Co paso dos anos a xuventude cada vez sieguen a mais xente e queren ser coma eles.,Co paso do tempo a mocidade segue a atraer máis xente que quere imitarlles.,Co paso dos anos a xuventude cada vez segue a máis xente e quere ser coma ela.,1
"Esta é a razón pola que estou de acordo coa autora, porque calqueira pode soñar con ser futbolista ou modelo pero hai que saber soñar e saber escoller, pois a cultura xeralmente abre máis portas e non termina sendo tóxico para o coñecemento social tanto como o fai ese mundo do que tantos falan.","Esta é a razón pola que estou de acordo coa autora, porque calquera pode soñar con ser futbolista ou modelo pero hai que saber soñar e saber escoller, pois a cultura xeralmente abre máis portas e non remata sendo tóxica para o coñecemento social tanto coma ese mundo do que tantos falan.","Esta é a razón pola que estou de acordo coa autora, porque calquera pode soñar con ser futbolista ou modelo, pero hai que saber soñar e saber escoller, pois a cultura xeralmente abre máis portas e non termina sendo tóxica para o coñecemento social, tanto como o é ese mundo do que tantos falan.",1
Polo tanto a sociedade vai un pouco sen rumbo e debería abrirse máis aos seus verdadeiras preferencias o que levará a que se den a coñecer as persoas e as cousas que realmente son importantes.,"Polo tanto a sociedade vai un pouco sen rumbo e debería abrirse máis ás súas verdades preferencias, o cal levaría á luz as persoas e as cousas verdadeiramente importantes.","Polo tanto, a sociedade vai un pouco sen rumbo e debería abrirse máis aos súas verdadeiras preferencias, o que levará a que se dean a coñecer as persoas e as cousas que realmente son importantes.",1
"Para concluir, hai moitas casos de violencia contra os pais por eses argumentos que din.","Para concluír, hai moitos casos de violencia contra os pais por estes argumentos que din.","Para concluír, hai moitos casos de violencia contra os pais por eses argumentos que dei.",1
"Os conflitos familiares son moi peculiares en todas as familias, xa que todos teñen falta de fala, debido a que non intercambian conversas, polo tanto a familia non comprende o que lle pasa o fillo, nin el aos pais.","Os conflitos familiares son moi peculiares en todas as familias, xa que todos teñen falta de fala, debido a que non intercambian conversas, polo tanto a familia non comprende o que lle pasa ó fillo, nin el ós seus pais.","Os conflitos familiares son moi habituais en todas as familias, xa que todas teñen falta de comunicación, debido a que non intercambian conversas. polo tanto, a familia non comprende o que lle pasa ó fillo, nin el aos pais.",1
Hoxe en día os adolescentes cren que poden facer o que eles queiran e tratan a súa familia como lles veña en gana.,Hoxe en día os adolescentes cren que poden facer o que queren e tratan á súa familia coma lles veña en gana.,Hoxe en día os adolescentes cren que poden facer o que eles queiran e tratan a súa familia como se lles veña en gana.,1
"Ademais da violencia física tamén está a psicolóxica que soen estar ligadas nestes tipo de casos, nos que estes adolescentes incontrolables manipulan aos demáis.","Ademais da violencia física tamén está a psicoloxía que soen estar ligada nestes tipos de casos, onde estes adolescentes descontrolados manipulan ós demais.","Ademais da violencia física, tamén está a psicolóxica, que adoitan estar ligadas neste tipo de casos, nos que estes adolescentes incontrolables manipulan aos demais.",1
"Como ela mismo di, o feito de que a infancia e a mocidade soñe con ser futbolista ou modelo non é algo do que sentirse verdadeiramente orgulloso.","Como ela mesma di, o feito de que a infancia e a mocidade soñen con ser futbolista ou modelo non é algo do que se sinta verdadeiramente orgullosa.","Como ela mesma di, o feito de que a infancia e a mocidade soñe con ser futbolista ou modelo non é algo do que sentirse verdadeiramente orgulloso.",1
"Ben, é realmente triste que a xente nova de hoxe en día, pense que vai ter unha vida máis fácil polo feito de ser coñecido por todo o mundo e facer algo para o que vales xa sen estudar.","Ben, é realmente triste que a xente nova de hoxe en día, pense que vai ter unha vida máis fácil polo feito de ser coñecida por todo o mundo e facer algo para o que vales xa sen estudar.","Ben, é realmente triste que a xente nova de hoxe en día, pense que vai ter unha vida máis fácil polo feito de ser coñecida por todo o mundo e facer algo para o que vales xa sen estudar.",0
"Hai que deixarse de sensacionalismo e pensar no ben común non en facerse rico pola cara, porque ao final isto o que fomenta é un futuro cheo de xente inculta coa súa fama frustrada.","Hai que deixase de sensacionalismo e pensar no ben común non en hacerse rico pola cara, porque ao final isto o que fomenta é un futuro cheo de xente inculta coa súa fame frustrada.","Hai que deixarse de sensacionalismo e pensar no ben común, non en facerse rico pola cara, porque ao final isto o que fomenta é un futuro cheo de xente inculta coa súa fama frustrada.",1
Neste caso e observando o que expón a autora situome no seu bando.,Neste caso e observando o que expón a autora situome no seu bando.,"Neste caso, e observando o que expón a autora, sitúome no seu bando.",1
"Tamén comezamos a xogar ó fútbol e a velo, comezamos a ter a consciencia de que esa xente que sae na tele dándolle patadas a un balón gaña o dobre ou incluso o triple ca os nosos pais.","Tamén comezamos a xogar ó fútbol e a velo, comezamos a ter a consciencia de que esa xente que sae na tele dándolles patacas a un balón gañan o dobre ou mesmo o triplo dos nosos pais.","Tamén comezamos a xogar ó fútbol e a velo, comezamos a ter a consciencia de que esa xente que sae na tele dándolle patadas a un balón gaña o dobre ou incluso o triplo ca os nosos pais.",1
Na miña opinión esto e unha auténtica locura.,Na miña opinión isto é unha auténtica loucura.,"Na miña opinión, isto é unha auténtica loucura.",1
"A mocidade e a infancia soña con ser futbolista ou modelo xa que, baixo a miña opinión, eso é o que nos mostran dende que somos cativos.","A mocidade e a infancia soñan cos ser futbolista ou modelo xa que, baixo a miña opinión, iso é o que nos mostran desde que somos cativos.","A mocidade e a infancia soña con ser futbolista ou modelo, xa que, baixo a miña opinión, iso é o que nos mostran dende que somos cativos.",1
Penso que vale moito máis unha mente sana nun corpo sán que a beleza exterior.,Penso que vale moito máis unha mente saudable nun corpo sa do que a beleza externa.,Penso que vale moito máis unha mente sa nun corpo san que a beleza exterior.,1
"Debido a esto, moitos dos xovenes creen que poden chegar a un nivel semellante pero a realidade e que moitos non poderan chegar ao nivel destes xogadores profesionais.","Debido a isto, moitos dos mozos cren que poden chegar a un nivel similar pero a realidade é que moitos non poderán chegar ao nivel deses xogadores profesionais.","Debido a isto, moitos dos mozos cren que poden chegar a un nivel semellante, pero a realidade é que moitos non poderán chegar ao nivel destes xogadores profesionais.",1
"Por iso, a comprensión e a paciencia son o máis importante.","Por iso, a comprensión e a paciencia son o máis importantes.","Por iso, a comprensión e a paciencia son o máis importante.",1
A maioría deles non acabaran sendo nada diso.,A maioría deles non acabarían sendo nada diso.,A maioría deles non acabarán sendo nada diso.,1
Débese en boa parte ao consentimento dos pais e a mala educación que provoca isto nos fillos.,Debe en boa parte o consentimento dos pais e a mala educación que provoca isto nos fillos.,Débese en boa parte ao consentimento dos pais e á mala educación que provoca isto nos fillos.,1
"Hoxe en día as novas xeracións, traen consigo unha mentalidade un pouco distorsionada do que é realmente o mundo, quizás sexa porque o mundo cambiou con respecto as máis vellas xeracións, xa que nestes momentos, estamos todos moi implicados nos mundos da moda ou do fútbol.","Hoxe en día as novas xeracións, traen consigo unha mentalidade un pouco distorsionada do que é realmente o mundo, quizais sexa porque o mundo cambiou con respecto ás máis vellas xeracións, xa que nestes momentos, estamos todos moi implicados no mundo da moda ou do fútbol.","Hoxe en día as novas xeracións, traen consigo unha idea un pouco distorsionada do que é realmente o mundo; quizás sexa porque o mundo cambiou con respecto ás máis vellas xeracións, xa que, nestes momentos, estamos todos moi implicados nos mundos da moda ou do fútbol.",1
A roupa é a mesma pero de diferentes prezos según a marca ou o lugar.,A roupa é a mesma pero de diferentes prezos segundo a marca ou o lugar.,"A roupa é a mesma, pero de diferentes prezos segundo a marca ou o lugar.",1
"Os nosos pais sempre queren que teñamos as mellores cousas, pero sempre tendo en conta o soldo que gaña cada un.","Os nosos pais sempre queren que teñamos as mellores cousas, mais sempre tendo en conta o soldo que gañan cada un.","Os nosos pais sempre queren que teñamos as mellores cousas, pero sempre tendo en conta o soldo que gaña cada un.",1
da cultura e o esforzo diario.,da cultura e do esforzo diario.,da cultura e o esforzo diario.,1
"Non sempre, pero si hai un tempo, a televisión está chea de pasarelas, concursos de beleza, etc... As rapazas ao ver a estás ""princesas"" andando non dubidan en intentar ser coma elas.","Non sempre, senón que hai un tempo, a televisión está chea de pasarelas, concursos de beleza, etc… As rapazas ao ver estas “princesas” andan non dubidan en tentar ser como elas.","Non sempre, pero si desde hai un tempo, a televisión está chea de pasarelas, concursos de beleza, etc.... As rapazas, ao ver a estas ""princesas"" andando, non dubidan en intentar ser coma elas,",1
As veces existen diferencias entre pais e fillos como estas.,As veces existen diferenças entre pais e fillos coma esta.,Ás veces existen diferenzas entre pais e fillos como estas.,1
"Este suceso, cada vez máis frecuente, é un reflexo perfecto da situación actual, e a toxicidade producida por, maioritariamente, os medios de comunicación.","Este suceso, cada vez máis frecuente, é un reflexo perfecto da situación actual, e a toxicidade producida polos medios de comunicación.","Este suceso, cada vez máis frecuente, é un reflexo perfecto da situación actual, e da toxicidade producida por, maioritariamente, os medios de comunicación.",1
"Cada vez danse máis os casos de conflictos familiares, un tema que non se lle soe dar moita importancia pero que afecta moito nestes ámbitos familiares.","Cada vez danse máis os casos de conflitos familiares, un tema que non se lle costuma dar demasiada importancia mais que afecta moito nestas áreas familiares.","Cada vez danse máis os casos de conflitos familiares, un tema ao que non se lle adoita dar moita importancia, pero que afecta moito nestes ámbitos familiares.",1
A sociedade non pode pensar nun traballo como o futbol e modelo porque con iso non se chega a ningún lado sé se quere que a economía e a sociedade do pais mellore.,A sociedade non pode pensar nun traballo coma o fútbol e o modelo porque con iso non se chega a ningún lado se se quere que a economía e a sociedade do país melloren.,A sociedade non pode pensar nun traballos como o de fútbol e modelo porque con iso non se chega a ningún lado se se quere que a economía e a sociedade do país mellore.,1
"Dende as orixes da humanidade, o feito de comer é algo indiscutiblemente necesario para a nosa vivencia.","Dende as orixes da humanidade, o feito de comer é algo indiscutibelmente necesario para a nosa vivencia.","Dende as orixes da humanidade, o feito de comer é algo indiscutiblemente necesario para a nosa supervivencia.",1
"Na nosa sociedade, tanto o consumismo como a produtividade teñen moita importancia, xa que todas as persoas son consumidoras cando mercan algo, e detrás deste consumismo atópanse numerosas industrias encargadas da produtividade.","Na nosa sociedade, tanto o consumismo coma a produtividade teñen moita importancia, xa que todas as persoas son consumidoras cando compran algo, e detrás deste consumismo están numerosas industrias encargadas da produtividade.","Na nosa sociedade, tanto o consumo como a produción teñen moita importancia, xa que todas as persoas son consumidoras cando mercan algo, e detrás deste consumo atópanse numerosas industrias encargadas da produción.",1
"Esta situación de crise afecta directamente ao consumismo, que nos últimos anos estase reducindo como consecuencia da necesidade de aforrar.","Esta situación de crise afecta directamente o consumismo, que nos últimos anos estase reducindo como consecuencia da necesidade de aforrar.","Esta situación de crise afecta directamente ao consumo, que nos últimos anos se está reducindo como consecuencia da necesidade de aforrar.",1
"En canto a produtividade, o descenso do consumismo tamén está provocando un leve descenso desta, observable no aumento do paro, o que tamén provoca que as familias aforren o máximo diñeiro posible por se algún dos membros queda sen traballo.","En canto á produtividade, o descenso do consumismo tamén está provocando un leve descenso dela, observable no aumento do paro, o cal tamén provoca que as familias aforren o máximo diñeiro posible por se algún deles fica sen traballo.","En canto á produción, o descenso do consumo tamén está provocando un leve descenso desta, observable no aumento do paro, o que tamén provoca que as familias aforren o máximo diñeiro posible por se algún dos membros queda sen traballo.",1
"Isto provoca o chamado ""círculo vicioso"", no que o consumismo e a produtividade cada vez descenden máis e nos aforramos todo o posible, o que provoca que o consumismo e a produtividade descendan, un círculo do que, hoxe en día, parece difícil saír del","Isto provoca o chamado “círculo vicioso”, no que o consumismo e a produtividade cada vez descenden máis e nos aforramos todo o posible, o que provoca que o consumismo e a produtividade descendan, un círculo do que, hoxe en día, parece difícil saír del ©","Isto provoca o chamado ""círculo vicioso"", no que o consumo e a produción cada vez descenden máis e nós aforramos todo o posible, o que provoca que o consumo e a produción descendan; un círculo do que, hoxe en día, parece difícil saír del.",1
"O mundo funciona coa producción e a consumición, tanto aplicado as persoas como os animais.","O mundo funciona coa produción e a consumo, tanto aplicada ás persoas coma aos animais.","O mundo funciona coa produción e o consumo, tanto aplicado ás persoas como ós animais.",1
"Actualmente, a situación da crise económica, causou moitos estragos na producción e no consumismo.","Actualmente, a situación da crise económica, causou moitos estragos na produción e no consumo.","Actualmente, a situación da crise económica, causou moitos estragos na produción e no consumo.",0
"A diminución salarial, o aumento de paro,... fai que as persoas teñan menos diñeiro, chegando a situacións de pobreza, que dificulta o consumismo provocando falta de colleitas e diminución da produción agrícola; se a iso sumámoslle o cambio climático a situación pode chegar a ser catastrófica nun futuro.","A diminución salarial, o aumento do desemprego,... fan que as persoas teñan menos cartos, chegando a situacións de pobreza, que dificulten o consumo provocando fame e diminuíndo a produción agrícola; se á iso lle sumamos o cambio climático a situación pode chegar a ser catastrófica nun futuro.","A diminución salarial, o aumento de paro,... fan que as persoas teñan menos diñeiro, chegando a situacións de pobreza, que dificultan o consumo, provocando falta de colleitas e diminución da produción agrícola; se a iso lle sumamos o cambio climático, a situación pode chegar a ser catastrófica nun futuro.",1
"É moi difícil atopar un caso de supervivencia sen el, sobre todo, se falamos dos países occidentais e máis desenvoltos nos que é imposible atopalos.","É moi difícil atopar un caso de supervivencia sen el, especialmente, se falamos dos países occidentais e máis desenvolvidos nos que é practicamente imposíbel atopalo.","É moi difícil atopar un caso de supervivencia sen el, sobre todo, se falamos dos países occidentais e máis desenvolvidos, nos que é imposible atopalos.",1
Nos medios de comunicación son continuos os anuncios e as mensaxes que nos conlevan a consumir e a converternos plenamente nunha sociedade capitalista.,Nos medios de comunicación son continuos os anuncios e as mensaxes que nos invitan a consumir e a convertirnos plenamente nunha sociedade capitalista.,Nos medios de comunicación son continuos os anuncios e as mensaxes que nos implican a consumir e a converternos plenamente nunha sociedade capitalista.,1
"O coñecemento, o esforzo, a cultura e o traballo duro; e non deixarnos ir polo camino que impartese só pola fama e riqueza.","O coñecemento, o esforzo, a cultura e o traballo duro; e non deixármonos ir polo camiño que impónse só pola fame e riqueza.","o coñecemento, o esforzo, a cultura e o traballo duro; e non deixarnos ir polo camiño que se imparte só pola fama e a riqueza.",1
"Na miña opinión, ambas partes na maioría dos casos teñen a súa parte de razón, tanto pais como fillos.","Na miña opinión, ambas partes na maioría dos casos teñen a súa parte de razón, tanto pais coma fillos.","Na miña opinión, ambas as partes na maioría dos casos teñen a súa parte de razón, tanto pais como fillos.",1
"O propósito que ten o autor con este texto e mostrarnos os problemas familiares, entre pais e os seus fillos, cando son adolescentes.","O propósito que ten o autor deste texto é mostranos os problemas familiares, entre pais e os seus fillos, cando son adolescentes.","O propósito que ten o autor con este texto é mostrarnos os problemas familiares, entre os pais e os seus fillos, cando son adolescentes.",1
Cando lle preguntas a un neno que quere ser de maior a maioría responde con futbolista.,Cando lle preguntas a un neno que quere ser de maior a maioría responden con futbolista.,"Cando lle preguntas a un neno que quere ser de maior, a maioría responde con futbolista.",1
"Mentres tanto os medicos, os cales traballaron duramente para chegar a onde estan (moitos máis que calquer futbolista) cuns estudios avanzados, non ganan nin a mitade que algúns destes deportistas e son moito máis irrecoñecidos (existindo futbolistas que non teñen nin a ESO).","Mentres tanto os médicos, os cales traballaron arduamente para chegar a onde están (moitos máis ca ningún futbolista) cunos estudos avanzados, non gañan nin á metade do que gañarán algúns deses deportistas e son moito menos recoñecibles (existiendo futbolistas que nin sequera remataron o ensino secundario obrigatorio).","Mentres tanto, os médicos, os cales traballaron duramente para chegar a onde están (moito máis que calquera futbolista), cuns estudos avanzados, non ganan nin a metade que algúns destes deportistas e son moito máis descoñecidos (existindo futbolistas que non teñen nin a ESO).",1
O mesmo pasa cos rapaces ao ver ao seu correspondente equipo xogar pola televisión.,O mesmo pasa cos rapaces ao ver o seu correspondente equipo xogar pola televisión.,O mesmo pasa cos rapaces ao ver o seu correspondente equipo xogar pola televisión.,0
"É moi triste a forma actual de educar aos adolescentes en liñas xerais, pois penso que as recompensas deberían ir precedidas dalgún esforzo, como ocurre normalmente.","É moi triste a forma actual de educar ós adolescentes en liñas xerais, pois penso que as recompensas deberían ir precedidas dun esforzo, coma ocorre normalmente.","É moi triste a forma actual de educar os adolescentes en liñas xerais, pois penso que as recompensas deberían ir precedidas dalgún esforzo, como ocorre normalmente.",1
"A televisión xa véndenos a parte boa da situación como, por exemplo, un fichaje de fútbol por millóns de euros ou un desfile dun modelo no que gaña moito diñeiro.","A televisión xa nos vénde a parte boa da situación coma, por exemplo, un ficheixe de fútbol por millóns de euros ou un desfiles dun modelo no que gañe moito diñeiro.","A televisión xa nos vende a parte boa da situación como, por exemplo, unha fichaxe de fútbol por millóns de euros ou un desfile dun modelo no que gaña moito diñeiro.",1
Esta situación que estase a dar no texto seguramente pasoulle a calquer nai o pai que vivan xuntos xa que moitas veces por exemplo teño preguntado a miña nai se podía comprar algo é como me dicía que non ía onde estivera meu pai a a preguntarllo a él.,"Esta situación que se está a dar no texto seguramente pasou a calquera nai ou pai que viven xuntas xa que moitas veces, por exemplo, tiven que preguntarlle á miña nai se podía mercar algo e ela respondíame que non ía onde estivese o meu pai para lle preguntarllo a el.","Esta situación que se está a dar no texto seguramente pasoulle a calquera nai ou pai que vivan xuntos, xa que moitas veces, por exemplo, teño preguntado a miña nai se podía comprar algo e, como me dicía que non, ía onde estivera meu pai a a preguntarllo a el.",1
"Moitos deportistas, ademais, recoñecen que case non teñen estudos e chegaron ahí unicamente porque a alguén gustoulle como xogaba a ese deporte.","Moito deportista, ademais, recoñece que case non ten estudos e chegou aí unicamente porque a alguén lle gustaba como xogara a ese deporte.","Moitos deportistas, ademais, recoñecen que case non teñen estudos e chegaron aí unicamente porque a alguén lle gustou como xogaban a ese deporte.",1
"Respecto aos conflitos familiares, dou por sentado que este conflito trátase de que a nai de Vanesa non lle deu diñeiro para comprar roupa ou que non lle deixou ir a comprala; polo que chamou ao pai.","Respectaos conflitos familiares, dou por suposto que este conflito trata de que a nai de Vanessa non lle deu cartos para mercar roupa ou que non lle permitiu saír a mercala; polo tanto, chamou o seu pai.","Respecto aos conflitos familiares, dou por sentado que este conflito se trata de que a nai de Vanesa non lle deu diñeiro para comprar roupa ou que non lle deixou ir a comprala, polo que chamou ao pai.",1
"Por outra banda, a autora expón que na actualidade podese atopar xente galega destacando en diferentes campos culturais.","Por outra parte, a autora expón que na actualidade podemos encontrar xente galega destacando en diversos campos culturais.","Por outra banda, a autora expón que na actualidade se pode atopar xente galega destacando en diferentes campos culturais,",1
"A autora neste texto pretende mostrar que hoxe en día sábese moito das celebridades e dos famosos, sobre todo se o seu comportamento non é o máis axeitado pero descoñécese moitas cousas que teñen que ver coa cultura, son cousas que parece que a ninguén lle interesan.","A autora deste texto pretende mostrar que hoxe en día sabémolo moito das celebridades e dos famosos, especialmente se o seu comportamento non é o máis axeitado mais descoñecemos moitas cousas que teñen que ver coa cultura, son cousas que parecen que a ninguén lles interesa.","A autora neste texto pretende mostrar que hoxe en día se sabe moito das celebridades e dos famosos, sobre todo se o seu comportamento non é o máis axeitado, pero descoñécese moitas cousas que teñen que ver coa cultura; son cousas que parece que a ninguén lle interesan.",1
"Outro punto a resaltar sería que os pais no deberían deixar que a rapaza fixese o que ela queira, xa que ese tipo de problemas familiares danse ao deixar aos fillos facer o que queiran sen impoñer ningún límite.","Outro punto a resaltar sería que os pais non deberían deixar que a rapaza fixese o que ela queira, xa que ese tipo de problemas familiares danse ao deixar aos fillos facer o que queiran sen impor ningún límite.","Outro punto a resaltar sería que os pais non deberían deixar que a rapaza fixese o que ela queira, xa que ese tipo de problemas familiares se dan ao deixar aos fillos facer o que queiran sen impoñer ningún límite.",1
"Eu tamén teño problemas, debido a que faltame conversas con eles, ademais de estar todo o día co móbil xogando a videoxogos, ainda que poderían ser xogos interactivos.","Eu tamén teño problemas, debido a que me faltan conversas con elas, ademais de estar todo o día co móbil xogando a videoxogos, aínda que poderían ser xogos interactivos.","Eu tamén teño problemas, debido a que me faltan conversas con eles, ademais de estar todo o día co móbil xogando a videoxogos, aínda que poderían ser xogos interactivos.",1
Xa que a outra persoa poderíalle sentar mal.,Xa que a outra persoa podería sentírselle mal.,xa que á outra persoa lle poderían sentar mal.,1
"Por sorte, esta etapa ""do pavo"", non dura moito más lonxe que os 18 anos, cando dámonos conta de que os nosos pais só queren o mellor para nós, e volvemos a sentirnos comprendidos.","Por sorte, esta etapa « do pavo », non dura moito máis alá dos 18 anos, cando damos conta de que os nosos pais só queren o mellor para nós, e volvese a sentirnos comprendidos.","Por sorte, esta etapa ""do pavo"", non dura moito máis alá que dos 18 anos, cando nos damos conta de que os nosos pais só queren o mellor para nós, e volvemos a sentirnos comprendidos.",1
"Cren que teñen máis poder sobre os demáis membros e que son eles os que mandan, por iso orixínanse este tipo de disputas.","Cren que teñen máis poder sobre os demais membros e que son eles os que mandan, por iso orixínanse este tipo de disputas.",Cren que teñen máis poder sobre os demais membros e que son eles os que mandan; por iso se orixinan este tipo de disputas.,1
"Deste xeito, é unha locura dicir que aqueles que están na súa infancia so queren ser futbolistas ou modelos xa que basta con preguntarlle a cinco nenos que queren ser de maiores para que un digache astronauta, outro bombeiro, outros dous digan superheroe e o quinto pense en ser actriz ou actor.","Deste xeito, é unha loucura dicir que aqueles que están na súa infancia só queren ser futbolistas ou modelos xa que abonda con preguntarlle a cinco nenos que queren ser de maiores para que un diga astronauta, outro bombeiro, outros dous digan superheroe e o quinto pense en ser actriz ou actor.","Deste xeito, é unha loucura dicir que aqueles que están na súa infancia só queren ser futbolistas ou modelos, xa que basta con preguntarlles a cinco nenos que queren ser de maiores para que un che diga astronauta, outro bombeiro, outros dous digan superheroe e o quinto pense en ser actriz ou actor.",1
"Principalmente cando dí que os xóvenes non pensamos mais cá no diñeiro fácil, na comodidade ou en ser futbolistas e modelos.","Principalmente cando di que os mozos non pensamos máis ca no diñeiro fácil, na comodidade ou en ser futbolistas e modelos.","principalmente cando di que os mozos non pensamos máis ca no diñeiro fácil, na comodidade ou en ser futbolistas e modelos.",1
Ademáis disto estas figuras públicas defenden moitas veces modelos de comportamento sexista e sen conciencia.,Ademais destas figuras públicas defienden moitos modelos de comportamento sexistas e sen consciencia.,"Ademais disto, estas figuras públicas defenden moitas veces modelos de comportamento sexista e sen conciencia.",1
"Pensan que eles o saben todo e que os seus pais só os queren molestar e que nunca, baixo ningún concepto éstes teñen a razón.","Pensan que eles o saben todo e que os seus pais só os queren molestar e que nunca, baixo ningún concepto, éstes teñen a razón.","Pensan que eles o saben todo e que os seus pais só os queren molestar e que nunca, baixo ningún concepto, estes teñen a razón.",1
Obsesionarse con ter o mellor físico ou con ser o que marca máis goles para resaltar sí é perxudicial.,Obsesionarse por ter o mellor físico ou por ser quen marque máis goles para destacar si é prexudicial.,Obsesionarse con ter o mellor físico ou con ser o que marca máis goles para resaltar si é prexudicial.,1
"En conclusión, é tarefa e responsabilidade de todos revertir esta situación, educando ós nosos fillos con sensibilidade e en igualdade, apoiando ademáis iniciativas que acerquen a educación a todas as clases sociais e non a convirtan nun luxo ao alcance de poucos.","En conclusión, é tarefa e responsabilidade de todos reverter esta situación, educando aos nosos fillos con sensibilidade e en igualdade, apoiando ademais iniciativas que acheguen a educación a todas as clases sociais e non á converta nunha luxuosa para uns cantos.","En conclusión, é tarefa e responsabilidade de todos reverter esta situación, educando ós nosos fillos con sensibilidade e en igualdade, apoiando ademais iniciativas que acerquen a educación a todas as clases sociais e non a convertan nun luxo ao alcance de poucos.",1
"A todo o mundo lle gusta o deporte e ter un bó físico pero é complicado chegar a xogar ao futbol profesionalmente, ainda que a quén non lle gustaría gañar mais diñeiro so facendo deporte e xogar con outros grandes xogadores de futbol.","A todo o mundo lle gusta o deporte e ter un bo físico pero é complicado chegar a xogar ao fútbol profesionalmente, aínda que á quen non lle gustaría gañar máis cartos só facendo deporte e xogando cos outros grandes xogadores do fútbol.","A todo o mundo lle gusta o deporte e ter un bo físico, pero é complicado chegar a xogar ao fútbol profesionalmente, aínda que, a quen non lle gustaría gañar máis diñeiro só facendo deporte e xogar con outros grandes xogadores de fútbol?",1
"Sí, digo fogares porque aunque únicamente viva alí un adolescente, afecta a toda a familia.","Sí, digo fogares porque aínda que unicamente viva aí un adolescente, afecta a toda a familia.","Si, digo fogares porque, aínda que unicamente viva alí un adolescente, afecta a toda a familia.",1
"Os adolescentes, tanto mozos como mozas, están nunha etapa de transición de rapaces a mulleres e homes, polo que ás veces non se entenden nin sequera a sí mesmos.","Os adolescentes, tanto mozos coma mozas, están nunha etapa de transición de rapazas a mulleres e homes, polo que ás veces non se entenden nin sequera a si mesmos.","Os adolescentes, tanto mozos como mozas, están nunha etapa de transición de rapaces a mulleres e homes, polo que ás veces non se entenden nin sequera a si mesmos.",1
"Tendo en conta o sistema de producción e de saída ao mundo laboral, as persoas teñen que saber aforrar os seus cartos para a súa hipotética jubilación.","Tendo en conta o sistema de produción e de saída ao mundo laboral, as persoas teñen que saber aforrar os seus cartos para a súa hipotética xubilación.","Tendo en conta o sistema de produción e de saída ao mundo laboral, as persoas teñen que saber aforrar os seus cartos para a súa hipotética xubilación.",0
"Por exemplo, no caso dos animais, temos os organismos productores (prantas e algas) que proporcionan oxíxeno e alimento para que os consumidores primarios se beneficien e así sucesivamente.","Por exemplo, nos casos dos animais, temos os organismos produtores (plantas e algas) que proporcionan oxi...","Por exemplo, no caso dos animais, temos os organismos produtores (plantas e algas) que proporcionan oxíxeno e alimento para que os consumidores primarios se beneficien e así sucesivamente.",1
"Estamos bombardeados continuamente de publicidad que si por unha parte informan dos novos servizos, empresas e productos por outra crean necesidades, en moitos casos absurdas.","Estamos bombardeados continuamente de publicidade que, por unha banda, nos informa sobre novos servizos, empresas e produtos; pero, pola outra, crea necesidades, moitas veces innecesarias.","Estamos bombardeados continuamente por publicidade que, se por unha parte informa dos novos servizos, empresas e produtos, por outra crea necesidades, en moitos casos absurdas.",1
Esta nova no mercado crea grandes cambios no mundo da producción.,Esta nova no mercado crea grandes cambios no mundo da produción.,Esta nova no mercado crea grandes cambios no mundo da produción.,0
"Tódalas persoas somos consumistas xa que dende que nacemos estamos continuamente comprando artículos xa sexan dedicados á nosa alimentación, ao noso vestiario, ao noso pracer e ocio etc. Pero poucas veces pensamos que para consumir eses productos que nos tanto queremos ten que haber alguén que previamente os producise.","Tódalas persoas somos consumistas xa que dende que nacemos estamos continuamente comprando artigos xa sexan dedicados á nosa alimentación, ao noso vestiario, ao noso pracer e ocio etc. Pero poucas veces pensamos que para consumir eses produtos que nos tantísimo queremos ter que haxa alguén que previamente os produza.","Tódalas persoas somos consumistas, xa que dende que nacemos estamos continuamente comprando artigos, xa sexan dedicados á nosa alimentación, ao noso vestiario, ao noso pracer e ocio etc. Pero poucas veces pensamos que para consumir eses produtos que nós tanto queremos ten que haber alguén que previamente os producise.",1
O consumo na actualidade está moi fixado polo precio dos productos e a competencia entre as diversas marcas que ofertan un servizo ou material do mesmo tipo.,O consumo na actualidade está moi fixado polo prezo dos produtos e a competencia entre as diversas marcas que ofrecen un servizo ou material do mesmo tipo.,O consumo na actualidade está moi fixado polo prezo dos produtos e a competencia entre as diversas marcas que ofertan un servizo ou material do mesmo tipo.,1
"Os prezos tamén están moi relacionados coa produción xa que dependendo das materias primas, da maquinaria, da man de obra etc. utilizada na elaboración do instrumento; ese producto tera un determinado prezo.","Os prezos tamén están moi relacionados coa produción xa que dependendo das materias primas, da maquinaria, da man de obra etc. utilizadas na elaboración do instrumento; ese produto terá un determinado prezo.","Os prezos tamén están moi relacionados coa produción, xa que dependendo das materias primas, da maquinaria, da man de obra etc. utilizadas na elaboración do produto, este producto terá un determinado prezo.",1
"Polo tanto, deberiamos pensalo moito antes de seguir gastando tantos cartos nelas, o consumismo non é beneficioso, moitas veces é mellor mercar un producto máis caro só polo feito de ter a certeza de que a súa fabricación é lícita.","Polo tanto, deberíamos pensalo moito antes de seguir gastando tantos cartos nelas, o consumismo non é beneficioso, moitas veces é mellor mercar un produto máis caro só polo feito de ter a certeza de que a súa fabricación é lícita.","Polo tanto, deberiamos pensalo moito antes de seguir gastando tantos cartos nelas. O consumismo non é beneficioso, moitas veces é mellor mercar un produto máis caro só polo feito de ter a certeza de que a súa fabricación é lícita.",1
A sua vez no noso día a día derrochamos moitísimos cartos en productos inservibles.,A súa vez no noso día a día derramos moitos cartos en produtos inútiles.,"Á súa vez, no noso día a día malgastamos moitísimos cartos en produtos inservibles.",1
"Móstrannos o producto a vender como algo que mellorará enormemente a nosa calidade de vida, e conseguen que nós creamos isto, aínda que en verdade saibamos que nos están a enganar, e nós facemoslles caso e axiña imos a adquirir o que nos ofrecen.","Mórannos o produto a vender coma algo que melloraría moito a nosa calidade de vida, e conseguen que nós créramos iso, malia sabermos que nos estaban a enganar, e nós facémoslle caso e pronto mercaríamos o que nos ofertan.","Móstrannos o produto a vender como algo que mellorará enormemente a nosa calidade de vida, e conseguen que nós creamos isto, aínda que en verdade saibamos que nos están a enganar, e nós facémoslles caso e axiña imos a adquirir o que nos ofrecen.",1
"Pero para pagar por elas, deberase convertir tamén en productor, e en ocasións usará o método de anunciar e enganar a xente, o mesmo que usaron con el, para enriquecerse cada vez máis e consumir en maior cantidade, entrando así no ciclo do consumismo.","Pero para pagar por elas, deberás convertérte tamén en produtor, e en ocasións usarás o método de anunciar e enganar á xente, igual que eles fixeron contigo, para enriquecerte cada vez máis e consumir en maior cantidade, entrando así no ciclo do consumismo.","Pero para pagar por elas, deberase converter tamén en produtor, e en ocasións usará o método de anunciar e enganar a xente, o mesmo que usaron con el, para enriquecerse cada vez máis e consumir en maior cantidade, entrando así no ciclo do consumismo.",1
Na actualidade producense moitos conflictos entre pais e fillos.,Na actualidade prodúcense moitos conflitos entre pais e fillos.,Na actualidade prodúcense moitos conflitos entre pais e fillos.,0
"Na miña opinión, o conflicto que reflicte o texto é moi común entre adolescentes e os seus pais.","Na miña opinión, o conflito que reflicte o texto é moi común entre adolescentes e os seus pais.","Na miña opinión, o conflito que reflicte o texto é moi común entre adolescentes e os seus pais.",0
Por iso é un dos motivos polos que os pais na súa casa teñen conflictos.,Por iso é un dos motivos polo que os pais na súa casa teñen conflitos.,Por iso é un dos motivos polos que os pais na súa casa teñen conflitos.,1
Este tipo de conflictos familiares son habituais.,Este tipo de conflitos familiares son habituais.,Este tipo de conflitos familiares son habituais.,0
"A mala comunicación, a agresividade, a falta de comunicación son algúns dos problemas que poden facer que unha familia teña conflictos.","A mala comunicación, a agresividade, a falta de comunicación son algúns dos problemas que poden facer que unha familia teña conflitos.","A mala comunicación, a agresividade, a falta de comunicación son algúns dos problemas que poden facer que unha familia teña conflitos.",0
"Así, no mundo actual, terriblemente influenciado polos medios de comunicación e as redes sociais, os nosos modelos de conducta na mocidade proporciónansenos ""en serie"": seguindo un canon que, ademais perpetúa na gran maioría dos casos os tóxicos roles de xénero tradicionais.","Así, no mundo actual, terriblemente influenciado polos medios de comunicación e as redes sociais, os nosos modelos de conduta na mocidade proporcionánsenos «en serie»: seguindo un canon que, ademais perpetua na gran maioría dos casos os tóxicos roles de xénero tradicionais.","Así, no mundo actual, terriblemente influenciado polos medios de comunicación e as redes sociais, os nosos modelos de conduta na mocidade proporciónansenos ""en serie"": seguindo un canon que, ademais, perpetúa na gran maioría dos casos os tóxicos roles de xénero tradicionais.",1
"Na miña opinión, o conflicto do texto é normal e ese tipo de discusións deixan de ocorrer co paso do tempo.","Na miña opinión, o conflito do texto é normal e ese tipo de discusións deixan de producirse co paso do tempo.","Na miña opinión, o conflito do texto é normal e ese tipo de discusións deixan de ocorrer co paso do tempo.",1
"Nun mundo e nunha sociedade onde a información están ao alcance da maioría das persoas, vivimos practicamente desinformados.","Nun mundo e nunha sociedade onde a información está ao alcance da maioría das persoas, vivimos practicamente desinformados.","Nun mundo e nunha sociedade onde a información está ao alcance da maioría das persoas, vivimos practicamente desinformados.",0
"Hai casos extremos nos que se chega a violencia física, e son neste tipo de casos nos que hai que actuar con rapidez e non deixalo pasar.","Hai casos extremos nos que se chega á violencia física, e son nestes tipos de casos nos que hai que actuar con rapidez e non deixalos pasar.","Hai casos extremos nos que se chega á violencia física, e son neste tipo de casos nos que hai que actuar con rapidez e non deixalos pasar.",1
Non hai que fixase neses traballos que en moitos casos non se pode realizar por algunha causa ou condición física.,Non hai que fixar eses traballos...,Non hai que fixase neses traballos que en moitos casos non se poden realizar por algunha causa ou condición física.,1
"A educación que se lle da aos adolescentes ás veces non e a adecuada pero non é ese o único factor que afecta ao comportamento dun adolescente, as compañías coas que anda e a súa personalidade tamén.","A educación que se lles dá aos adolescentes ás veces non é a adecuada pero non é ese o único factor que afecta ao comportamento dun adolescente, as compañías coas que andan e a súa personalidade tamén.","A educación que se lles dá aos adolescentes ás veces non é a adecuada, pero non é ese o único factor que afecta ao comportamento dun adolescente; as compañías coas que anda e a súa personalidade tamén.",1
Os conflitos entre pais e fillos adolescentes é algo moi frecuente na sociedade actual.,Os conflitos entre pais e fillos adolescentes son algo moi frecuente na sociedade actual.,Os conflitos entre pais e fillos adolescentes son algo moi frecuente na sociedade actual.,0
"Hoxe en día, penso que os problemas entre pais e fillos é moito maior que anos atrás, xa que a día de hoxe, maduran antes os adolescentes, teñen afán de liberdade, de ser independentes e de que os pais os deixen en paz.","Hoxe en día, penso que os problemas entre pais e fillos son moito maiores ca hai uns anos, xa que a día de hoxe, maduran antes os adolescentes, teñen máis afán de liberdade, independencia e de que os seus pais lles deixen en paz.","Hoxe en día, penso que os problemas entre pais e fillos son moito maiores que anos atrás, xa que, a día de hoxe, maduran antes os adolescentes, teñen afán de liberdade, de ser independentes e de que os pais os deixen en paz.",1
"Fixamos a nosa atención, e construímos a nosa vida en base a superficialidades.","Fixemos a nosa atención, e construímos a nosa vida en base ás superficiais","Fixamos a nosa atención, e construímos a nosa vida en base a superficialidades.",1
"É dicir, son problemas que derivan da educación que reciba a persoa, pero tamén, son habituais en case tódalas casas.","É dicir, son problemas que derivan da educación que reciban as persoas, pero tamén, son frecuentes en case tódolos fogares.","É dicir, son problemas que derivan da educación que reciba a persoa, pero tamén, son habituais en case tódalas casas.",1
"Está claro que hoxe por hoxe queda moito mellor dicir que queres ser xogador dun equipo de primeira que por exemplo médico, cirurxian, ou escritor.","Está claro que hoxe por hoxe queda moito mellor dicir que queres ser xogador dun equipo de primeira que por exemplo médico, ciruxano ou escritor.","está claro que hoxe por hoxe queda moito mellor dicir que queres ser xogador dun equipo de primeira que, por exemplo, médico, cirurxián, ou escritor.",1
.,Corrixe a seguinte frase:,""".",1
.,Corrixe a seguinte frase:,"""..",1
"Neste caso que se mostra no texto, pola miña parte, entendo que Mariano, o pai, se enfadara cando a súa filla o chamou estando el traballando, pero por outro lado, tamén me poño no corpo da rapaza, e non creo que escoitar esas palabras de seu pai, fose moi agradable.","Neste caso que se mostra no texto, pola miña parte, entendo que Mariano, o pai, se enfadara cando a súa filla o chamou estando el traballando, mais por outro lado, tamén me poño no corpo da rapaza, e non creo que escoitar esas palabras de seu pai, sería moi agradable.","Neste caso que se mostra no texto, pola miña parte, entendo que Mariano, o pai, se enfadara cando a súa filla o chamou estando el traballando, pero, por outro lado, tamén me poño no corpo da rapaza, e non creo que escoitar esas palabras de seu pai, fose moi agradable.",1
"Na miña opinión, os pais deixan que os fillos fagan o que queiran desde moi pequenos, acostumanos moi mal dándolles todo o que lles piden e non saben dicir ""NON"".","Na miña opinión, os pais deixan que os fillos fagan o que queren dende moi pequenos, acostúmanos moi ben dándoos todo o que lles piden e non saben dicir ""non"".","Na miña opinión, os pais deixan que os fillos fagan o que queiran desde moi pequenos; acostúmanos moi mal dándolles todo o que lles piden e non saben dicir ""NON"".",1
"Pero por outra banda, creo que nosos pais deberían entendernos, eles moi posiblemente pasaron por algo similar, aínda que fosen outros tempos.","Pero por outra banda, creo que nosos pais deberían entendernos, eles moi seguramente pasaron por algo semellante, aínda que fosen outros tempos.","Pero, por outra banda, creo que nosos pais deberían entendernos: eles moi posiblemente pasaron por algo similar, aínda que fosen outros tempos.",1
"No 60 % destas discusions a culpa é dos fillos, ben por pedir algo fora do seu alcance ou ben pola súa tozudez.","No 60% destas discusións a culpa é dos fillos, ben por pedir algo fóra do seu alcance ou ben pola súa tozudez.","No 60 % destas discusións a culpa é dos fillos, ben por pedir algo fóra do seu alcance ou ben pola súa teimosía,",1
"Centrémonos primeiro, a adolescencia é unha idade moi complicada, porque os nenos que eran empezan a crecer e a ter as súas propias ideas.","Centrémonos primeiro, a adolescencia é unha idade moi complicada, porque os nenos comezan a medrar e a ter as súas propias ideas.","Centrémonos primeiro: a adolescencia é unha idade moi complicada, porque os nenos que eran empezan a crecer e a ter as súas propias ideas.",1
"Aínda que nos tempos antigos non houbera nada diso, pola maneira de educar que tiñan.","Aínda que nos tempos antigos non había nada diso, pola maneira de educar que tiñan.","Aínda que nos tempos antigos non houbera nada diso, pola maneira de educar que tiñan,",1
"Na miña opinión todo vai no xeito de como ver a vida, o que pretendemos todos é ser felices e disfrutar da vida.","Na miña opinión todo vai no camiño de como vemos a vida, o que pretendemos todos é ser felices e gozar da vida.","Na miña opinión, todo vai no xeito de como ver a vida; o que pretendemos todos é ser felices e gozar da vida.",1
"Todos eses rapaces, chegado o momento tamén se darán conta, ademais cada ano temos mais persoas con estudos superiores, polo que non creo que teñamos tal ermo cultural.","Todos eses rapaces, chegado o momento tamén se darán conta, ademais cada ano temos máis persoas con estudos superiores, polo que non creo que teñamos tal ermo cultural.","Todos eses rapaces, chegado o momento, tamén se darán conta. Ademais, cada ano temos máis persoas con estudos superiores, polo que non creo que teñamos tal ermo cultural.",1
"Eu entendo que os fillos queren sempre ter as mellores cousas, pero na miña opinión teñen razón os pais, estamos demasiado mimados e aínda encima se estamos nun país con crise, non podemos ter de todo.","Eu entendo que os fillos queren sempre ter as mellores cousas, mais na miña opinión están equivocados os pais, porque estamos demasiado mimados e ademais se vivimos nun país cunha grave crise económica, non debemos ter de todo.","Eu entendo que os fillos queren sempre ter as mellores cousas, pero, na miña opinión, teñen razón os pais: estamos demasiado consentidos e aínda encima, se estamos nun país con crise, non podemos ter de todo.",1
"Quen non coñece a Pitagoras, Platon, Aristoteles.","Quen non coñeza a Pitágoras, Platón ou Aristóteles","Quen non coñece a Pitágoras, Platón, Aristóteles?",1
Agora o que eu penso é o seguinte.,Agora o que eu penso é o seguinte.,Agora o que eu penso é o seguinte:,1
En conclusión.,En conclusión,"En conclusión,",1
Un neno sempre quererá ser aquilo que lle guste e lle proporcione o que ve que teñen os que traballan dese mesmo soño.,Un neno sempre querrá ser aquilo que lle guste e lle proporcione o que ve que teñen os que traballan dese mesmo soño.,"Un neno sempre quererá ser aquilo que lle guste e lle proporcione o que ve que teñen os que traballan dese mesmo soño,",1
"A sociedade necesita un cambio nos valores que hai que ensinar aos nenos, e que nós debemos impartir.","A sociedade precisa un cambio nos valores que hai que ensinar ós nenos, e que nós debemos impoñerlles.","A sociedade necesita un cambio nos valores que hai que ensinar aos nenos, e que nós debemos impartir,",1
"Por exemplo, no mundo do deporte, tan só se lle da importancia ó sector do fútbol, outros moitos logros como o de Mireia Belmonte no ámbito da natación non teñen o mesmo valor.","Por exemplo, no mundo do deporte, tan só se lle dá importancia ó sector do fútbol, outros moitos logros coma o de Mireia Belmonte no ámbito da natación non teñen o mesmo valor.","Por exemplo, no mundo do deporte, tan só se lle dá importancia ó sector do fútbol; outros moitos logros como o de Mireia Belmonte no ámbito da natación non teñen o mesmo valor.",1
"A sociedade sempre estivo influenciada polas modas de cada tempo, agora tocan as modelos e os futbolistas.","A sociedade sempre estivo influenciada polas modas de cada tempo, agora tocan ás modelos e aos futbolistas.",A sociedade sempre estivo influenciada polas modas de cada tempo; agora tocan as modelos e os futbolistas.,1
"Paralelamente, as modelos e os futbolistas unicamente dan unha imaxe errónea do que é a vida, mostran vidas de luxo, casas espectaculares e viaxes a lugares que namoran.","Paralelamente, as modelos e os futbolistas unicamente dan unha imaxe errónea do que é a vida; mostran vidas de luxo, casas espectaculares e viaxes a lugares que namoran.","Paralelamente, as modelos e os futbolistas unicamente dan unha imaxe errónea do que é a vida: mostran vidas de luxo, casas espectaculares e viaxes a lugares que namoran.",1
"Na actualidade, o tema da roupa é cada vez un conflito maior entre os pais e os seus fillos.","Na actualidade, o tema da roupa é cada vez un conflito maior entre os pais e os seus fillos.","Na actualidade, o tema da roupa supón cada vez un conflito maior entre os pais e os seus fillos.",1
Pero non só é o tema da roupa un conflito entre os pais e os seus fillos adolescentes.,Pero non só é o tema da roupa un conflito entre os pais e os seus fillos adolescentes.,Pero non só supón o tema da roupa un conflito entre os pais e os seus fillos adolescentes.,1
Nos pobos e cidades hai equipos de fútbol para nenos xa dende os 3 anos.,Nos pobos e cidades hai equipos de fútbol para nenos xa desde os tres anos.,Nos vilas e cidades hai equipos de fútbol para nenos xa dende os 3 anos.,1
Ditos comportamentos comezan cada vez a máis temprana idade.,Ditos comportamentos comezan cada vez a unha máis temprana idade.,Tales comportamentos comezan cada vez a máis temperá idade.,1
"A adolescencia é unha etapa da vida que dura máis ou menos dende os 14 ata os 18 anos, aunque na maioría tarde hasta os vinte e pico.","A adolescencia é unha etapa da vida que dura máis ou menos desde os 14 até os 18 anos, aínda que na maior parte tarda até os vinte e poucos.","A adolescencia é unha etapa da vida que dura máis ou menos dende os 14 ata os 18 anos, aínda que na maioría dure ata os vinte e pico.",1
Con todo isto a cultura queda sobrevalorada ata o xeito de desprezo.,Con todo este a cultura queda sobrevalorizada ata o xeito de desprezo.,Con todo isto a cultura queda infravalorada ata o punto do desprezala.,1
Por iso moitos nenos as veces fan signo de rebeldía para chamar a atención dos pais.,Por iso moitos nenos ás veces fan o sinal da rebelión para chamar a atención dos seus pais.,Por iso moitos nenos ás veces mostran signos de rebeldía para chamar a atención dos pais.,1
Persoalmente teño opinións atopadas e poa contra estou en desacordo con ela.,Persoalmente teño opinións encontradas e podo estar en desacordo con ela.,"Persoalmente, teño opinións encontradas e en calquera caso estou en desacordo con ela.",1
"Por moitas gañas que teñas de ser futbolista, antes están os teus estudos e a túa formación cultural e intelectual, xa que non todos nacen con ese mati ou con esa habilidade.","Por moitas ganas que teñas de ser futbolista, antes están os teus estudos e a túa formación cultural e intelectual, xa que non todos nacen con ese matiz ou coa mesma habilidade.","Por moitas ganas que teñas de ser futbolista, antes están os teus estudos e a túa formación cultural e intelectual, xa que non todos nacen con ese don ou con esa habilidade.",1
Isto crea que moitos rapaces abandonen os estudos coa ilusión de ser coma eses ídolos que pouco máis saben que ler ou escribir.,Isto crea que moitos rapaces abandonan os estudos coa ilusión de ser coma eses ídolos que pouco máis saben que ler ou escribir.,Isto fai que moitos rapaces abandonen os estudos coa ilusión de ser coma eses ídolos que pouco máis saben que ler ou escribir.,1
Non marco especial interese polo exemplo do galego pero si entendo a súa idea principal.,Non marquei ningún especial interese polo exemplo do galego pero si entendo a súa idea principal.,"Non teño especial interese polo exemplo do galego, pero si entendo a súa idea principal.",1
Rexeita que os medios de comunicación e información non se centren en informar sobre a cultura galega e os feitos que acontecen actualmente o redor desta.,Rexeita que os medios de comunicación e información non se centren en informar sobre a cultura galega e os feitos que acontecen actualmente arredor dela.,Critica que os medios de comunicación e información non se centren en informar sobre a cultura galega e os feitos que acontecen actualmente ó redor desta.,1
Todo isto non é así xa que para ser unha supermodelo non só fai falta ter unha cara e un corpo bonito xa que se necesita ter un enorme esforzo físico e unha sacrificación constante para manter a imaxe que unha certa compañía ou axencia de modelos esixe.,Todo isto non é así xa que para ser unha supermodelo non só fai falta ter unha cara e un corpo bonito senón tamén unha enorme sacrificio constante para manter a imaxe que unha certa compañía ou axenda de modelos esixen.,"Todo isto non é así, xa que para ser unha supermodelo non só fai falta ter unha cara e un corpo bonito, xa que se necesita facer un enorme esforzo físico e un sacrificio constante para manter a imaxe que unha certa compañía ou axencia de modelos esixe.",1
"A xente esfórzase e sacrifícase para cumprir o seu sono, e máis nos tempos que corren.","A xente esforza e sacrifica para cumprir o seu soño, e máis nos tempos que corren.","A xente esfórzase e sacrifícase para cumprir o seu soño, e máis nos tempos que corren.",1
Onde se aprecia unha conversación entre un pai e unha filla.,Onde se aprecia unha conversa entre un pai e unha filla.,onde se pode ler unha conversación entre un pai e unha filla.,1
Xa que hoxe en día son moi presentes na rutina dos adultos que teñen fillos.,Xa que hoxe en día son moi presentes na rutina dos adultos que teñen fillos.,xa que hoxe en día están moi presentes na rutina dos adultos que teñen fillos.,1
O apoio das familias é crucial para desenrolar esta etapa.,O apoio das familias é crucial para desenvolver esta etapa.,O apoio das familias é crucial para desenvolver esta etapa.,0
Cos motivos dados teño que dicir que estou de acordo coa autora e que temos que reflexionar sobre o tema para así poder tomar mellores decisións e cambiar a nosa forma de ver as cousas (se nos fai falta).,Cos motivos dados teño que dicir que estou de acordo coa autora e que temos que reflexionar sobre o tema para así poder tomar mellores decisións e cambiar a nosa forma de ver as cousas (se nos fai falta).,"Polos motivos dados, teño que dicir que estou de acordo coa autora e que temos que reflexionar sobre o tema para así poder tomar mellores decisións e cambiar a nosa forma de ver as cousas (se nos fai falta).",1
Podemos apreciar isto en lugares tan comúns e visualizados como poden ser as noticias diarias emitidas en calquera canle de televisión.,Podemos apreciar isto en lugares tan comúns e visualizados como poden ser as noticias diarias emitidas en calquera canle de televisión.,Podemos apreciar isto en programas tan comúns e visualizados como poden ser as noticias diarias emitidas en calquera canle de televisión.,1
Isto dase deste xeito por unha razón moi simple.,Isto dáse deste xeito por unha razón moi simples.,Isto dáse deste xeito por unha razón moi simple.,1
"En conclusión, na actualidade existen diferentes tipos de xóvenes e polo tanto diferentes tipos de evocacións.","En conclusión, na actualidade existen diferentes tipos de mozos e polo tanto diferentes tipos de evocacións.","En conclusión, na actualidade existen diferentes tipos de mozos e polo tanto diferentes tipos de vocacións.",1
Onde quedou o sono de ser estudado polas xeracións venideras?,Onde quedará o sono de ser estudado polas xeracións venideras?,Onde quedou o soño de ser estudado polas xeracións vindeiras?,1
O correcto sería xuzgar a sociedade por como son as persoas que a comprenden e non por como son aquelas que se dedican a ver a televisión e xogar con peluches.,O correcto sería xulgar a sociedade por como son as persoas que a comprenden e non por como son aquelas que se dedican a ver a televisión e xogar cos peluches.,O correcto sería xulgar a sociedade por como son as persoas que a integran e non por como son aquelas que se dedican a ver a televisión e xogar con peluches.,1
A solución está por comezar a cambiar a sociedade e tratar de arranxar os erros que nos levaron ata aquí.,A solución está por comezar a cambiar a sociedade e tratar de arranxar os erros que nos levaron ata aquí.,A solución está en comezar a cambiar a sociedade e tratar de arranxar os erros que nos levaron ata aquí.,1
Pero a sociedade non pode depender só de xogar ao futbol ou ser modelo.,Pero a sociedade non pode depender só do fútbol ou da moda.,Pero a sociedade non pode depender só de xogar ao fútbol ou ser modelo.,1
"Hoxe en día nada é gratis, todo ten un precio.","Hoxe en día nada é gratis, todo ten o seu prezo.","Hoxe en día nada é gratis, todo ten un prezo.",1
"Por outra banda, podemos poñer como exemplo tamén a parexa de Cristiano Ronaldo, unha muller que ata o momento en que se coñeceu que tiña unha relación co futbolista non se sabía nada dela.","Por outra banda, podemos poñer como exemplo tamén á parella de Cristiano Ronaldo, unha muller que ata o momento no que se coñeceu que tiña unha relación co futbolista non se sabía nada dela.","Por outra banda, podemos poñer como exemplo tamén a parella de Cristiano Ronaldo, unha muller que, ata o momento en que se coñeceu que tiña unha relación co futbolista, non se sabía nada dela.",1
"Sin embargo, ahora todas as nenas queren ser coma ela.","Sin embargo, agora todas as nenas queren ser como ela.","Porén, agora todas as nenas queren ser coma ela.",1
"Pero tamén é cierto que sempre procuramos ""copiar"" a alguén e normalmente non é bo.",Pero tamén é certo que sempre procuramos 'copiar' a alguén e normalmente non é bo.,"Pero tamén é certo que sempre procuramos ""copiar"" a alguén e normalmente non é bo.",1
"En conclusión, a utilización da palabra é necesaria para enfrentarnos a algunhas situacións delicadas.","En conclusión, a utilización da palabra é necesaria para enfrontarnos a algunhas situacións delicadas.","En conclusión, a utilización da palabra é necesaria para enfrontarnos a algunhas situacións delicadas.",0
"No meu caso non tería ese tipo de discusión, porque si se pode eu iría ao máis barato para non gastar moito.","No meu caso non tería ese tipo de discusión, porque si se pode eu ía ao máis barato para non gastar moito.","No meu caso non tería ese tipo de discusión, porque se se pode eu iría ao máis barato para non gastar moito.",1
"Véndesenos cada día mediante publicidade, ""marketing"" e imaxes unha determinada realidade e esta éntranos polos ollos sen caer na conta da súa falsedade.",Véndese nos supermercados diariamente produtos que son anunciados como saudables pero non o son realmente.,"Véndesenos cada día mediante publicidade, ""marketing"", e imaxes unha determinada realidade e esta éntranos polos ollos sen caer na conta da súa falsidade.",1
"Rematamos por creer que o importante é ter unha cara sen manchas, o último móbil ou o mellor coche do mercado.","Rematamos por crer que o importante é ter unha cara sen manchas, o último móbil ou o mellor coche do mercado.","Rematamos por crer que o importante é ter unha cara sen manchas, o último móbil ou o mellor coche do mercado.",0
"Cando hai un atentado ou un desastre natural subimos á rede imaxes o frases como ""pray for París"".",Cando hai un atentado ou un desastre natural subimos á rede imaxes ou frases como «Pray for Paris».,"Cando hai un atentado ou un desastre natural subimos á rede imaxes ou frases como ""pray for París"".",1
Prodúcense e gáñanse máis cartos emitindo o contenido mencionado primeiramente.,Prodúcense e gáñanse máis cartos emitindo o contido mencionado primeiro.,Prodúcense e gáñanse máis cartos emitindo o contido mencionado primeiramente.,1
"Un dos problemas, inclusive o máis importante é a falta de comunicación entre pais e fillos, a cal leva a peleas e discusións innecesarias.","Un dos problemas, incluso o máis importante é a falta de comunicación entre pais e fillos, que leva a pelexas e discusións innecesarias.","Un dos problemas, inclusive o máis importante, é a falta de comunicación entre pais e fillos, a cal leva a pelexas e discusións innecesarias.",1
A autora fala sobre a sociedade xoven e como marcan as súas pautas a nivel social e académico.,A autora fala sobre a sociedade xuvenil e como marcan as súas pautas a nivel social e académico.,A autora fala sobre a sociedade moza e como marcan as súas pautas a nivel social e académico.,1
É iso algo perxudicial para a sociedade?,É isto algo prexudicial para a sociedade?,É iso algo prexudicial para a sociedade?,1
Triunfar no deporte que che gusta practicar pode ser o soño de calquer persoa.,Triunfar no deporte que che gusta practicar pode ser o soño de calquera persoa.,Triunfar no deporte que che gusta practicar pode ser o soño de calquera persoa.,0
"Esperemos que o panorama cambie o se non, que Deus nos pille confesados.","Esperemos que o panorama cambie ou se non, que Deus nos pille confesados.","Esperemos que o panorama cambie ou, se non, que Deus nos pille confesados.",1
Ela non sae cada mediodía no telediario nin é practicamente nunca portada do xornal.,Ela non sae cada mediodía no telexornal nin é case nunca portada dos xornais.,Ela non sae cada mediodía no telexornal nin é practicamente nunca portada do xornal.,1
"Aparte de que a muller no mundo do deporte carece de recoñecemento, o fútbol está por enriba de calquera outro deporte.","A parte de que a muller no mundo do deporte carece de recoñecemento, o fútbol está por riba de calquera outro deporte.","Á parte de que a muller no mundo do deporte carece de recoñecemento, o fútbol está por enriba de calquera outro deporte.",1
Non é saudable nin recomendable pero a sociedade de hoxe en día é moi perxudicial para os que se deixan influenciar.,Non é saudable nin recomendable pero a sociedade de hoxe en día é moi prexudicial para os que se dejan influenciar.,"Non é saudable nin recomendable, pero a sociedade de hoxe en día é moi prexudicial para os que se deixan influenciar.",1
"En canto ao problema do texto, penso que a filla fixo moi mal chamando ao pai, sabendo que o interrumpiría no traballo, só porque a nai non lle consentiu facer algo tan materialista como é ""ir de compras"".","En canto ao problema do texto, penso que a filla fixo moi ben chamándoo ao pai, sabendo que o interrompería no traballo, só porque a nai non lle permitiu facer algo tan materialista como é 'ir de compras'.","En canto ao problema do texto, penso que a filla fixo moi mal chamando ao pai, sabendo que o interrompería no traballo, só porque a nai non lle consentiu facer algo tan materialista como é ""ir de compras"".",1
"A adolescencia, na meirande parte dos casos, crea no entorno familiar desacordos entre pais e fillos que non soen chegar a consenso.","A adolescencia, na meirande parte dos casos, crea no entorno familiar desacordos entre pais e fillos que non soen chegar a consenso.","A adolescencia, na meirande parte dos casos, crea no contexto familiar desacordos entre pais e fillos que non adoitan chegar a consenso.",1
A relación entre pais e adolescentes é compricada porque un problemiña dos adolescentes para eles é un mundo e para os seus pais é insignificante.,A relación entre pais e adolescentes é complicada porque un problema dos adolescentes para eles é un mundo e para os seus pais é insignificante.,A relación entre pais e adolescentes é complicada porque un problemiña dos adolescentes para eles é un mundo e para os seus pais é insignificante.,1
O texto reflexa máis dun problema entre pais e fillos adolescentes.,O texto reflexa máis dun problema entre pais e fillos adolescentes.,O texto reflicte máis dun problema entre pais e fillos adolescentes.,1
"A todo isto, non pretendo afirmar que non hai traballo de fondo, de feito, hai moitas horas de esforzo e traballo, pero iso non o mostran; os rigurosos e duros adestramentos diarios, todas as veces que se cometen erros e hai que repetir o exercicio ou dar outra volta para afianzar terreo.","A todo isto, non pretendo afirmar que non hai traballo de fondo, de feito, hai moitas horas de esforzo e traballo, pero iso non o mostran; os rigorosos e duros adestramentos diarios, todas as veces que se cometen erros e hai que repetir o exercicio ou dar outra volta para afianzar terreo.","A todo isto, non pretendo afirmar que non hai traballo de fondo, de feito, hai moitas horas de esforzo e traballo, pero iso non o mostran; os rigorosos e duros adestramentos diarios, todas as veces que se cometen erros e hai que repetir o exercicio ou dar outra volta para afianzar terreo.",0
As grandes empresas traballan para proporcionarnos todo tipo de artefactos que cremos necesitar pero que non son máis ca un engano.,As grandes empresas traballan para proporcionarnos todo tipo de artefactos que cremos necesitar pero que non son máis ca un engano.,"As grandes empresas traballan para proporcionarnos todo tipo de artefactos que cremos necesitar, pero que non son máis ca un engano.",1
"Nos últimos anos, a gastronomía acadou tanta popularidade porque tamén melloraron as condicións das cociñas, a limpeza, presentación... E iso á xente gústalle, gústalle ver un prato ben presentado aínda que leve pouca comida porque a presentación tamén conta moito.","Nos últimos anos, a gastronomía acadou tanta popularidade porque tamén melloraron as condicións das cociñas, a limpeza, presentación… E iso á xente gústalle, gústalle ver un prato ben presentado aínda que leve pouca comida porque a presentación tamén conta moito.","Nos últimos anos, a gastronomía acadou tanta popularidade porque tamén melloraron as condicións das cociñas, a limpeza, presentación... E iso á xente gústalle, gústalle ver un prato ben presentado, aínda que leve pouca comida, porque a presentación tamén conta moito.",1
Nestes últimos anos xurdiron numerosas tendencias e correntes gastronómicas que grazas a Internet acadaron moita fama e moita repercusión.,Nestes últimos anos xurdiron numerosas tendencias e correntes gastronómicas que grazas á internet acadaron moita fame e moita repercusión.,"Nestes últimos anos xurdiron numerosas tendencias e correntes gastronómicas que, grazas a Internet, acadaron moita fama e moita repercusión.",1
"Este feito súmase á moda de ir a eses restaurantes modernos e caros a comer moi pouca cousa pero moi rica e sobre todo, moi cara.",Este feito súmese á moda de ir aos restaurantes modernos e caros para comer pouco mais rico e caro.,"Este feito súmase á moda de ir a eses restaurantes modernos e caros a comer moi pouca cousa pero moi rica e, sobre todo, moi cara.",1
Nós nada máis nacer xa pasamos a formar parte do mundo do consumo e a produción.,Nós nada mais nacer xa pasamos a formar parte do mundo do consumo e da produción.,"Nós, nada máis nacer, xa pasamos a formar parte do mundo do consumo e a produción.",1
Non poderían existir a unha sen a outra por iso é imprescindible que se dean as dúas e así obter o máximo beneficio.,non podería existir a unha sen a outra por iso é imprescindíbel que se den as dúas e así obter o máximo beneficio.,"Non poderían existir o un sen o outro, por iso é imprescindible que se dean os dous e así obter o máximo beneficio.",1
Entón podemos afirmar que a produción e o consumo son procesos que están moi relacionados xa que se non existira un o outro tampouco tería sentido.,Entón podemos afirmar que a produción e o consumo son procesos que están moi relacionados xa que sen eles ningún dos dous terían sentido.,"Entón, podemos afirmar que a produción e o consumo son procesos que están moi relacionados, xa que se non existira un o outro tampouco tería sentido.",1
"A situación é delicada, xa que de querer frear este consumismo excesivo, todas as economías acabarían desfeitas.","A situación é delicada, xa que de querer frear este consumismo excesivo, todas as economías acabarían desfeitas.","A situación é delicada, xa que, de querer frear este consumismo excesivo, todas as economías acabarían desfeitas.",1
"Na miña opinión quedará mentres a xente atope tempo suficiente para cociñar, pero en canto a xente se canse de utilizar o seu tempo libre en cociñar e apareza outra moda máis nova desaparecerá.","Na miña opinión quedará mentres a xente atope tempo suficiente para cociñar, pero en canto a xente se canse de utilizar o seu tempo libre en cociñar e apareza outra moda máis nova desaparecerá.","Na miña opinión, quedará mentres a xente atope tempo suficiente para cociñar, pero en canto a xente se canse de utilizar o seu tempo libre en cociñar e apareza outra moda máis nova, desaparecerá.",1
"Porén, grazas á globalización e ás novas tecnoloxías este coñecemento estendeuse, o que na miña opinión supón un avance, xa que unha parte importante dunha cultura é a súa comida.","Porén, grazas á globalización e as novas tecnoloxías este coñecemento estendeuse, o que na miña opinión supón un avance, xa que unha parte importante dunha cultura é a súa comida.","Porén, grazas á globalización e ás novas tecnoloxías este coñecemento estendeuse, o que, na miña opinión, supón un avance, xa que unha parte importante dunha cultura é a súa comida.",1
"No texto expóñense dous casos de consumismo diferentes, pero que ao mesmo tempo son moi semellantes: mercar cousas non necesarias aínda que non se estea a vivir unha situacion económica favorable, e mercar produtos de marca porque se consideran mellores e gastar máis cartos deste xeito.","No texto expóñense dous casos de consumismo diferentes, pero que ao mesmo tempo son moi similares: mercar cousas innecesarias aínda que non se estea vivindo unha situación económica favorábel, e mercar produtos de marca por consideralos mellores e gastar máis diñeiro deste xeito.","No texto expóñense dous casos de consumismo diferentes, pero que ao mesmo tempo son moi semellantes: mercar cousas non necesarias, aínda que non se estea a vivir unha situacion económica favorable, e mercar produtos de marca porque se consideran mellores e gastar máis cartos deste xeito.",1
Neste caso no texto observamos o problema de Mariano coa súa filla que quere ou pretende ir de compras a Londres e París cando seguramente no seu armario ten numerosas e abundantes pezas de roupa sen necesidade de comprar máis.,Neste caso non observamos ningún problema relacionado co tema da compra de roupas na cidade de Londres e París por parte dunha persoa chamada Mariano.,"Neste caso no texto observamos o problema de Mariano coa súa filla, que quere ou pretende ir de compras a Londres e París cando seguramente no seu armario ten numerosas e abundantes pezas de roupa sen necesidade de comprar máis.",1
"Neste texto escrito por Xavier Quiroga, ten como tema o conflito entre uns pais coa súa filla.","Neste texto escrito por Xabier Quiroga, ten como tema o conflito entre unha nai e a súa filla.","Neste texto, escrito por Xavier Quiroga, ten como tema o conflito entre uns pais coa súa filla.",1
En resumidas contas é unha cuestión de educación.,En resumidas contas é unha cuestión de educación.,"En resumidas contas, é unha cuestión de educación.",1
"Estas personalidades non só son o modelo de nenos, tamén o son de adultos xa que manexan importantes cantidades de diñeiro por aparecer na televisión.","Estas personalidades non só son o modelo de nenos, senón que tamén o son de adultos xa que xestionan grandes cantidades de cartos por aparecer na televisión.","Estas personalidades non só son o modelo de nenos, tamén o son de adultos, xa que manexan importantes cantidades de diñeiro por aparecer na televisión.",1
Non pode deberse todo ás hormonas ¿non?,Non pode deberse todo ás hormonas ? non?,"Non pode deberse todo ás hormonas, ¿non?",1
"Dende o meu punto de vista ter unha boa relación cos teus pais é fundamental xa que ao ser máis maiores e querer o mellor para ti, poden dar os mellores consellos e moitas situacións irían a mellor.","Dende o meu punto de vista ter unha boa relación cos teus pais é fundamental xa que ao ser máis maiores e querer o mellor para ti, poden dar os mellores consellos e moitas situacións irian a mellor.","Dende o meu punto de vista, ter unha boa relación cos teus pais é fundamental, xa que, ao ser máis maiores e querer o mellor para ti, poden dar os mellores consellos e moitas situacións irían a mellor.",1
"Como xa dixen antes, os adolescentes non sabemos o que queremos é dicir somos moi caprichosos e queremos todo en todo momento, somos peor con 16 ou 17 anos que con catro.","Como xa dixen antes, os adolescentes non sabemos o que queremos; somos moi caprichosos e queremos todo en todo momento, somos peores con 16 ou 17 anos ca con catro.","Como xa dixen antes, os adolescentes non sabemos o que queremos, é dicir, somos moi caprichosos e queremos todo en todo momento, somos peor con 16 ou 17 anos que con catro.",1
"A mocidade ten as súas cousas malas pero tamén boas, xa que todos buscamos o mellor futuro, e isto conséguese culturizándonos e formándonos.","A mocidade ten as súas cousas malas pero tamén bos, xa que todos buscamos o mellor futuro, e isto conséguese cultivando-nos e formando-nos.","A mocidade ten as súas cousas malas, pero tamén boas, xa que todos buscamos o mellor futuro, e isto conséguese culturizándonos e formándonos.",1
Se unha persoa non está cómoda no seu ámbito familiar o mellor que pode facer é intentar solucionalo e erradicar o conflito.,Se unha persoa non está cómoda no seu ámbito familiar o mellor que pode facer é tentar solucionarlo e erradicar o conflito.,"Se unha persoa non está cómoda no seu ámbito familiar, o mellor que pode facer é intentar solucionalo e erradicar o conflito.",1
Si que é verdade que a adolescencia é unha etapa un pouco complicada pero que todos acabamos pasamos e sabemos como pode influír.,Si que é verdade que a adolescencia é unha etapa un pouco complicada pero que todos acabamos pasados e sabemos como pode influír.,"Si que é verdade que a adolescencia é unha etapa un pouco complicada, pero que todos acabamos, pasamos e sabemos como pode influír.",1
"O que quero dicir con isto é que tódolos traballos se deberían valorar do mesmo xeito xa que todos levan o seu tempo e esforzo, sexa do tipo que sexa.","O que quero dicir con isto é que tódolos traballos se deberían valorar do mesmo xeito xa que todos levan o seu tempo e esforzo, sexa do tipo que sexa.","O que quero dicir con isto é que tódolos traballos se deberían valorar do mesmo xeito, xa que todos levan o seu tempo e esforzo, sexa do tipo que sexa.",1
"En certo sentido non é problema dos nenos, é un problema da sociedade e dos valores que se transmiten hoxe en día.","En certo sentido non é problema dos nenos, senón dos adultos; é un problema da sociedade e dos valores que se transmiten hoxe en día.","En certo sentido, non é problema dos nenos, é un problema da sociedade e dos valores que se transmiten hoxe en día.",1
Na miña opinión unha sociedade así non é boa e hai que promover a cultura e o esforzo e non darlle relevancia a quen intenta vivir do conto.,"Na miña opinión, unha sociedade así non é boa e hai que promover a cultura e o esforzo, e non lle dar relevancia a quen tenta vivir do conto.","Na miña opinión, unha sociedade así non é boa e hai que promover a cultura e o esforzo e non darlle relevancia a quen intenta vivir do conto.",1
E isto non é favorable nin para os pais nin para os fillos,E isto non é favorable nin para os pais nin para os fillos léinn,E isto non é favorable nin para os pais nin para os fillos.,1
