input_corrector,output_corrector,tag,explanation
"Na miña opinión, os pais deberían comprender ao adolescente e poder chegar a entender o seus problemas na sua vida e axudarlo o mellor que se pode, para que o neno senta ese apoio moral e poda tomar boas decisións ao largo da súa vida.","Na miña opinión, os pais deberían comprender ao adolescente e poder chegar a entender os seus problemas na súa vida e axudalo do mellor xeito posible, para que o neno sinta ese apoio moral e poida tomar boas decisións ao longo da súa vida.",0,"O output_corrector é adecuado porque corrixiu os erros do input_corrector, como a falta de concordancia entre o suxeito e o verbo, e a falta de acentuación en palabras como “adolescente” e “súa”."
"Demais do dito, outros conflictos que se poden dar na casa é cando un fillo ten todo o quére e ameaza os pais con que se marcha ou fai que os seus pais discutan polo seu fillo.","Demais do dito, outros conflitos que se pode dar na casa é cando un fillo ten todo o querer e ameazan aos pais con que se marchan ou fan que os seus pais discuten polo seu fillo.",1,"A etiqueta 1 asígnase porque o output_corrector non pode considerarse correcto xa que introduce un problema gramatical novo. Non foi posible extraer unha avaliación válida do modelo, polo que se aplica unha saída conservadora que require revisión manual."
"Na miña opinión a forma de actúar do pai non me parece a adecuada xa que por moi agobiado que este nese momento a filla non ten porque pagalo, aínda que é verdade que moitas veces os adolescentes e quizáis a maioría da xente empregamos a táctica de se eso non me funciona con un chamo ao outro, pero iso tamén acontece porque cun entendemonós mellor que co outro nalgúns aspectos.","Na miña opinión a forma de actuar do pai non me parece axeitada xa que por moito que estea agoirado no momento a nena non ten por que pagar o erro, aínda que é certo que moitos adolescentes empregan a estratexia de chamarlle á outra persoa cando falla unha primeira opción, mais isto ocorre porque nos entendemos mellor entre nós nalgunhas cuestións.",0,"O output_corrector é adecuado porque corrixiu os erros do input_corrector, mellorando a gramática e a sintaxe."
"En resumen, eu opino que o problema non é tan grave como se presenta no texto, e que cada vez a sociedade é mais culta, ademais, non se pode pretender que todos seamos ""Ángeles Carrocedas"" creo que os xenios, nacen sendo xenios.","En resumo, eu opino que o problema non é tan grave como se presenta no texto, e que cada vez a sociedade é máis culta, ademais, non se pode pretender que todos sexamos «ánxeles carroceda» creo que os xenio, nacen sendo xenio.",0,"O output_corrector é adecuado porque corrixiu os erros de concordancia e ortografía presentes no input_corrector, mellorando a clareza e a corrección da oración."
Sen estes dous aspectos habería moi pouca evolución na sociedade xa que isto tamén beneficia ao sector económico.,Sen estes dous aspectos habería moi pouca evolución na sociedade xa que isto tamén beneficiaría o sector económico.,0,O output_corrector é adecuado porque corrixiu o erro do input_corrector entre “beneficia” e “sector económico”.
"A nosa propia natureza como seres humáns e a educación que recibimos acostúmanos dende novos a buscar referentes a imitar, modelos a seguir, ao mesmo xeito que de bebés aprendemos a valernos por nós mesmos.","A nosa propia natureza coma seres humanos e a educación que recibimos acostumanos dende pequenos a buscar referentes para imitar, modelos para seguir, do mesmo xeito que de bebés aprendemos a valermos por nós mesmos.",1,"A etiqueta 1 asígnase porque o output_corrector non pode considerarse correcto xa que introduce un problema gramatical novo. Non foi posible extraer unha avaliación válida do modelo, polo que se aplica unha saída conservadora que require revisión manual."
"Medir 1,87, pesa 40 kl e cuidarse.","Medir 1,87 m., pesa 39 kg. e coidase.",0,"O output_corrector é adecuado porque corrixiu os erros do input_corrector, como a falta de acento nos números e a corrección de “cuidarse” a “coidase”."
Moitas persoas sofren trastornos alimenticios por querer chegar ó nivel do canón establecido.,Moita xente sofre trastornos alimentarios para alcanzar o canon establecido.,0,"O output_corrector é adecuado porque corrixiu o erro do input_corrector, cambiando “persoas” por “xente” e “sofren” por “sofre” e “chegar” por “alcanzar”."
"Polo que a solución sería o afastamento destas malas costumes e empezar con algunhas novas, cousa, que non se vai facer.","Polo que a solución sería o afastamento destas malas costumes e comezar con algunhas novas, cousa, que non se vai facer.",1,"A etiqueta 1 asígnase porque o output_corrector non pode considerarse correcto xa que introduce un problema gramatical novo. Non foi posible extraer unha avaliación válida do modelo, polo que se aplica unha saída conservadora que require revisión manual."
"O uso das tecnoloxías como de outras cousas con moderación é o que se debe facer, e evitar conflictos.","O uso das tecnoloxías coma doutras cousas con moderación é o que se debe facer, e evitar conflitos.",1,"A etiqueta 1 asígnase porque o output_corrector non pode considerarse correcto xa que introduce un problema gramatical novo. Non foi posible extraer unha avaliación válida do modelo, polo que se aplica unha saída conservadora que require revisión manual."
"Ser modelo ou futbolista non é algo negativo e é moi comun que os nenos intenten ser como a xente que admiran ao igual que no pasado os nenos querian ser ""cowboys"" común chamados vaqueiros ou as nenas quixeron ser actrices; ademais co tempo os nenos cambian de opinión, polo tanto que un neno intenten ser como os seus heroes non e algo negativo.","Ser modelo ou futbolista non é algo negativo e é moi común que os nenos intenten ser coma a xente que admiran, do mesmo xeito que no pasado os nenos querían ser 'cowboys', comúns denominados vaqueiros, ou as nenas desexaban ser actrices; ademais co paso dos anos os nenos cambian de opinión, polo tanto que un neno intente ser coma os seus heroes non é algo negativo.",0,"O output_corrector é adecuado porque corrixiu os erros do input_corrector, como a falta de concordancia entre'ser' e 'neno', e a falta de acentos nos nomes de lugares e profesións."
"A autora mostrase crítica en canto a mocidade quere dende pequenos ser futbolistas ou modelos, xa que é o que ven na tele e o que a sociedade parece que lle da mais importancia e restandolle importancia a cousas tan importantes como a musica, a ciencia, o teatro ou mismamente como vai a cultura do teu país e a presenza que ten a cultura galega nas radios, nas televisións, no cine, na prensta e ese é o problema, xa que non se valora as cousas mais importantes que non coñecemos debido a nosa ignorancia.","A autora móstrase crítica en canto á mocidade quere desde pequenos ser futbolista ou modelo, xa que é o que ve na tele e o que a sociedade parece que lle dá máis importancia e restando importancia a cousas tan importantes coma a música, a ciencia, o teatro ou mesmo a cultura do teu país e a súa presenza nos medios audiovisuais, na prensa escrita e nese sentido, pois ben, porque non valoramos o importante que son esas outras cousas das que non temos coñecemento por mor da nosa ignorancia.",0,"O output_corrector é adecuado porque corrixiu os erros do input_corrector, como a falta de concordancia entre o suxeito e o verbo, e a falta de acentuación en palabras como ""mocidade"" e ""cultura""."
"A sociedade da imaxe, sen dúbida alguna vivimos nunha socieedade maís inhibida que nunca do coñecemento.","A sociedade da imaxe, sen dúbida algunha vivimos nunha sociedade máis inhibida ca nunca do coñecimento.",0,"O output_corrector é adecuado porque corrixiu o erro do input_corrector, cambiando a forma incorrecta de “socieedade” por “sociedade” e “mais” por “máis”, e corrixindo a forma incorrecta de “alguna” por “algunha” e “coñecemento” por “coñecemento”."
"Porque nós non nos damos conta de todo o diñeiro que gastan; a comida para toda a familia, a luz da casa, o auga da casa, o seguro do coche, o seguro da casa,... En conclusión, para min estamos demasiado mimados a veces e escedemos en gastos.","Porque nós non nos damos conta de todo o diñeiro que gastamos; a comida para toda a familia, a luz da casa, o auga da casa, o seguro do coche, o seguro da casa,... En conclusión, para min estamos demasiado mimadas ás veces e excedémonos en gastos.",0,O output_corrector é adecuado porque corrixiu o erro do input_corrector entre “gastan” e “a comida” e tamén corrixiu o erro de plural entre “mimados” e “excedemos”.
"Os fillos non podemos gastarnos todo o diñeiro en caprichos, xoguetes (e cando empezan a fumar, todo o diñeiro que se gasta en tabaco), temos que gastar o xusto e o necesario, de vez en cando algunha roupa, algún xoguete ou algún videoxogo, pero é iso, de vez en cando, non todos os días porque senón acaban arruinados.","Os fillos non podemos gastármonos todo o diñeiro en caprichos, xoguetes (e cando comezan a fumar, todo o diñeiro que se gasta en tabaco), temos que gastalo con tino e coidado, de vez en cando algunha roupa, algún xoguete ou algún videoxogo, pero é iso, de vez en cando, non todos os días porque senón acaban arruinados.",0,"O output_corrector é adecuado porque corrixiu os erros do input_corrector, como a falta de concordancia entre o suxeito e o verbo, e a falta de acentuación en palabras como “gastármonos” e “coidado”."
"Moitos hemos pasado por esta fase, o cal non quere dicir que esté ben.","Moitoes pasamos por esa fase, o cal non significa que estea ben.",1,"A etiqueta 1 asígnase porque o output_corrector non pode considerarse correcto xa que introduce un problema gramatical novo. Non foi posible extraer unha avaliación válida do modelo, polo que se aplica unha saída conservadora que require revisión manual."
"Pero é unha etapa na que as hormonas nos controlan ao 200 %; sentímonos incomprendidos, e pensamos, relacionado co que antes cité; que coma os nosos pais son ""de outra época"" ou que ""as cousas han cambiado"" non nos comprenden.","Pero é unha etapa na que as hormonas nos controlan ao 100 % ; sentímonos incomprendidos, e pensamos, relacionado co que antes citei; que como os nosos pais son «de outra época» ou que «as cousas cambiaron», non nos comprenden.",0,"O output_corrector é adecuado porque corrixiu o erro do input_corrector, cambiando ""200 %"" por ""100 %"", e tamén corrixiu a falta de acentos nos apóstrofos."
"O malo é que a cuestión sigue sendo que isto non cambia, que queremos todo o que os demais teñen sen pararse a pensar en que é o que realmente se quere e gusta.","O malo é que a cuestión segue sendo que isto non cambia, que queremos todo o que os demais teñen sen pararnos a pensar en que é o que realmente se quere e gusta.",1,"A etiqueta 1 asígnase porque o output_corrector non pode considerarse correcto xa que introduce un problema gramatical novo. Non foi posible extraer unha avaliación válida do modelo, polo que se aplica unha saída conservadora que require revisión manual."
"Por outro lado cabe destacar que o que critica a autora sobre que a infancia soñe con ser futbolista ou modelo, non ten ningún punto de vista negativo, xa que todo o mundo e libre de e querer ser canto quera.","Por outro lado cabe destacar que o que crítica a autora sobre que a infancia sóne con ser futbolista ou modelo, non ten ningún punto de vista negativo, xa que todo o mundo é libre de e querer ser canto queira.",0,"O output_corrector é adecuado porque corrixiu o erro do input_corrector entre “cabe” e “o que crítica”, e tamén corrixiu a falta de concordancia entre o suxeito e o verbo.”"
"Os conflitos entre pais e fillos son algo habitual xa que que queren mostrar as súas opinións, pero sempre mantendo as formas e a educación.","Os conflitos entre pais e fillos son algo habitual xa que queren mostrar as súas opinións, pero sempre mantendo as formas e a educación.",1,"A etiqueta 1 asígnase porque o output_corrector non pode considerarse correcto xa que introduce un problema gramatical novo. Non foi posible extraer unha avaliación válida do modelo, polo que se aplica unha saída conservadora que require revisión manual."
"Por outro lado, tamén penso que nesta situación os pais de Vanesa non están pasando por un bo momento, e o pai neste caso, estao a pagar ca súa filla, como moitas veces pasa nas familias, que os fillos sen ter culpa, as pagan igualmente.","Por outro lado, tamén penso que nesta situación os pais de Vanessa non están pasando por un bo momento, e o pai neste caso, estao a pagar coa súa filla, coma moitas veces pasa nas familias, que os fillos sen ter culpa, as pagan igualmente.",0,"O output_corrector é adecuado porque corrixiu os erros de ortografía e gramática do input_corrector, como a falta de acento en ""Vanesa"" e a corrección de ""estao"" a ""estão"" e ""coma"" a ""coa""."
"Eu, como experiencia, podo contar que conocin unha rapaza que ca misma idade ca min, estaba tola da cabeza, quero dicir, a rapaza estaba tan desesperada porque súa nai a deixara en paz, que como os pais estaban divorciados, marchou co seu pai, e ainda por encima, denunciou a nai, polo que, cada vez penso que hai máis conflitos familiares.","Eu, como experiencia, podo contar que coñecín unha rapaza que coa mesma idade ca min, estaba tola da cabeza, quero dicir, a rapaza estaba tan desesperada porque a súa nai a deixaba en paz, que como os pais estaban divorciados, marchou co seu pai, e aínda por riba, denunciou á nai, polo que, cada vez penso que hai máis conflitos familiares.",0,"O output_corrector é adecuado porque corrixiu os erros do input_corrector, como a falta de concordancia entre o suxeito e o verbo, e a falta de acentuación en palabras como “coñecín” e “súa”."
"En definitiva, debemos saber tratar os adolescentes porque están nunha fase de cambio e as veces non son eles propiamente pero débese diferenciar o que se pode permitir e o que non e dónde se deben poñer unhas normas.","En definitiva, debemos saber tratar os adolescentes porque están nunha fase de cambio e ás veces non son eles propiamente senón que hai que diferenciarse do que se pode permitir e do que non é onde se deben pór unhas normas.",0,"O output_corrector é adecuado porque corrixiu os erros do input_corrector, como a falta de concordancia entre o suxeito e o verbo, e a colocación incorrecta de ""senón que"" e ""dónde"". Tamén se corrixiron os erros de concordancia entre ""se deben"" e ""unhas normas"". O resultado é unha oración clara e gramaticalmente correcta."
"Primeiramente, non é xusto valorar o estado da sociedade tendo en conta o que as persoas soñan na súa infancia.","Primeiro, non é xusto valorar o estado da sociedade tendo en conta o que as persoas soñan na súa infancia.",0,"O output_corrector é adecuado porque corrixiu o erro do input_corrector, cambiando a forma de expresar a idea de prioridade."
A autora deste fragmento critica que a mocidade e a infancia soña con ser futbolista ou modelo maioritariamente e penso que ten toda a razón do mundo.,A autora deste fragmento crítica que a mocidade e a infancia soñan con ser futbolista ou modelo maioritariamente e penso que ten toda a razón do mundo.,0,O output_corrector é adecuado porque corrixiu o erro do input_corrector entre “critica” e “soña” e entre “mocidade” e “infancia”.
"Ademáis da influencia que ten unha modelo ou un futbolista nos nenos, dando a entender que un corpo perfecto, e moitas veces, extremadamente delgado e pouco saudable, é o camiño cara o éxito e a felicidade, levando ó seu paso enfermidades alimenticias que poden rematar na morte O mesmo ocorre cós futbolistas, que se non estás en grandes equipos, ou se directamente o fútbol non é o teu, nunca serás nada na vida.","Ademáis da influencia que ten unha modelo ou un futbolista nos nenos, dando a entender que un corpo perfecto, e moitas veces, extremadamente delgado e pouco saudable, é o camiño cara o éxito e a felicidade, levando á súa vez enfermidades alimenticias que poden rematar na morte O mesmo ocorre cos futbolistas, que se non estás nun grande equipo, ou se directamente o fútbol non é o teu, nunca serás nada na vida.",0,"O output_corrector é adecuado porque corrixiu os erros do input_corrector, como a falta de concordancia entre os verbos e a corrección de ""Ademáis"" a ""Ademáis da"", e a corrección de ""futbolista"" a ""futbolistas"" e ""fútbol"" a ""fútbol"" e ""cós"" a ""cos""."
"Outros problemas entre pais e fillos son menos importantes; o toque de queda, os amigos cos queda para saír ou as relacións amorosas.","Outros problemas entre pais e fillos son menos importantes; o toque de queda, os amigos con que queda para saír ou as relacións amorosas.",1,"A etiqueta 1 asígnase porque o output_corrector non pode considerarse correcto xa que introduce un problema gramatical novo. Non foi posible extraer unha avaliación válida do modelo, polo que se aplica unha saída conservadora que require revisión manual."
O texto pon coma exemplo de conflitos entre pais e fillos unha discusión telefónica.,O texto pon como exemplo de conflitos entre pais e fillos unha discusión telefónica.,0,O output_corrector é adecuado porque corrixiu o erro do input_corrector entre “coma” e “exemplo”.
"Moitos dirán que a fama é complicada xa que está exposta a vida de alguén a quen queira vela, pero máis difícil é ser profesor que son os encargados de formar ós próximos profesionais ou os médicos que teñen nas súas mans a responsabilidade de salvar unha vida ou un piloto de aviación que en cada viaxe ten nas súas mans as vidas de polo menos 200 persoas.","Moito dirá que a fame é complexa porque está exposta á vida de alguén que quere velo, mais máis difícil é ser profesor que son os responsables de formar aos futuros profesionais ou os médicos que teñen nas súas mans a responsabilidade de salvar unha vida ou un piloto de aviación que en cada voo ten nas súas mans as vidas de polo menos cen cincuenta persoas.",0,"O output_corrector é adecuado porque corrixiu os erros do input_corrector, como a falta de concordancia entre o suxeito e o verbo, e a errada utilización de “xa que” en lugar de “porque”."
Nos tempos antigos os fillos acataban todo tipo de normas dádalas por seus pais pero nos tempos que corren parece que os fillos son os que obrigan os pais.,Nos tempos antigos os fillos acataban todo tipo de normas dadas polos seus pais pero nos tempos que corren parecen que os fillos son os que obrigan aos pais.,1,"A etiqueta 1 asígnase porque o output_corrector non pode considerarse correcto xa que introduce un problema gramatical novo. Non foi posible extraer unha avaliación válida do modelo, polo que se aplica unha saída conservadora que require revisión manual."
"Penso que tamén inflúen moitas veces nese deseo de carto rápido a nosa propia familia, que polo menos nalgúns casos, incitan aos seus fillos a xogar ao fútbol cunha presión innecesaria e llo transmiten aos seus fillos.","Penso que tamén inflúe moitas veces nesa desexo de carro rápido a nosa propia familia, que polo menos nalgúns casos, incítanos aos nosos fillos a xogar ao fútbol cunhas presións innecesarias e llas transmitimos.",0,"O output_corrector é adecuado porque corrixiu os erros do input_corrector, como a falta de concordancia entre o suxeito e o verbo, e a falta de acentuación en palabras como “nosos” e “llas”."
"O problema da falta de comprensión entre ven xa de lonxe, pois, en xeral, a adolescencia é unha etapa da vida de calquera na que da comezo o proceso de madurar, mais, antes do fin do proceso, o adolescente considérase xa capaz de tomar as súas propias decisións, e non admite os razonamentos de ningún outro, o que provoca un choque cos seus pais, cos que, xeralmente está, obrigado a vivir, pois éstes seguen a ser responsables das decisións dos seus fillos, polo que, a menudo, os fan escoller a que consideran correcta.","O problema da falta de comprensión entre veña xa de lonxe, pois, en xeral, a adolescencia é unha etapa da vida de calquera na que comeza o proceso de maduración, mais, antes do seu final, o adolescente considera xa capaz de tomar as súas propias decisións, e non acepta os razoamentos de ninguén, o que provoca un choque cos seus pais, cos que, xeralmente, segue a estar obrigado a convivir, porque eles continúan sendo responsábeis das decisións dos seus fillos, polo que, con frecuencia, son estes quen teñen que elixir por el/ela.",1,"A etiqueta 1 asígnase porque o output_corrector non pode considerarse correcto xa que introduce un problema gramatical novo. Non foi posible extraer unha avaliación válida do modelo, polo que se aplica unha saída conservadora que require revisión manual."
"Esta claro que a culpa a teñen os fillos, xa que nadie lles obriga a actuar así, pero os pais tamen teñen algo de culpa por exemplo un adolescente que non quere facer nada da súa vida, e o pai o único que fai e decirlle todo o malo que fai, iso non é correcto e lóxico, que lle vote a bronca pero tamen hai que motivalo pra que saque forzas de onde xa non lle quedan pra facer algo da sua vida xa sexa estudar o traballar.","Esta claro que a culpa a teñen os fillos, xa que ninguén lles obriga a actuar así, pero os pais tamén teñen algo de culpa, por exemplo, un adolescente que non queira facer nada na súa vida, e o pai o único que faga é dicirlle todo o mal que fai; iso non é correcto nin lóxico, que lle bote a bronca mais tamén hai que motivalo para que saque forzas de onde xa non lle quedan para facer algo da súa vida, xa sexa estudar ou traballar.",0,"O output_corrector é adecuado porque corrixiu os erros do input_corrector, como a falta de concordancia entre os verbos e a adición de detalles para mellorar a claridade e a coherencia do texto."
"Opino que os problemas non se resolven nin peleando nin con castigos; os problemas entre pais e fillos arránxanse falando e dándolle a confianza ao teu fillo de contarte o que lle pasa, porque moitas veces esta rebeldía é a causa de outros problemas máis graves e posiblemente descoñecidos para os pais.","Opino que os problemas non se resolven nin peleando nin con castigos; os problemas entre pais e fillos arránxanse falando e dándolles aos teus fillos a confianza de contarte o que lles pasa, porque moitas veces esta rebeldía é a causa doutros problemas máis graves e quizais descoñecidos polos pais.",0,"O output_corrector é adecuado porque corrixiu o erro do input_corrector entre “dándolle” e “a confianza”, cambiando a forma de expresar a idea e facendo que o texto sexa máis claro e preciso."
"Normalmente, a ceda idade dos 15 - 16 anos, os fillos entran na coñecida idade ""do pavo"" na cal estes, atopan e descubren cosas novas na súa vida, as hormonas, etc. Xeralmente, a esta idade, os xóvenes teñen o sentimento de ninguén os entende, e moito menos os pais.","Normalmente, á ceda idade dos quince – dezaseis anos, os fillos entran na coñecida idade “do pavo” na que estes, encontran e descobren cousas novas na súa vida, as hormonas, etc. Xeralmente, nesta idade, os mozos teñen o sentimento de ninguén os entende, e moito menos os pais.",0,"O output_corrector é adecuado porque corrixiu os erros do input_corrector, como a falta de acentos e a ortografía incorrecta, e mellorou a estrutura da oración."
"En conclusión, hai que actuar con sensatez e no primeiro mínimo contacto de violencia xa hai que facer algo e cortar desde o primer momento.","En conclusión, hai que actuar con sensatez e no primeiro mínimo contacto de violencia xa hai que facer algo e cortar desde o primer momento.",1,"A etiqueta 1 asígnase porque o output_corrector coincide co input_corrector, pero o corrector non resolveu o problema presente na entrada. Non foi posible extraer unha avaliación válida do modelo, polo que se aplica unha saída conservadora que require revisión manual."
Ou dunha pequena idea se consiga escribir un libro ou unha canción?,Ou dunha pequena idea se consegue escribir un libro ou unha canción?,1,"A etiqueta 1 asígnase porque o output_corrector non pode considerarse correcto xa que introduce un problema gramatical novo. Non foi posible extraer unha avaliación válida do modelo, polo que se aplica unha saída conservadora que require revisión manual."
"Todas as preguntas que se nos fan no texto son inconte para nós, porque como di no último parágrafo, a cultura galega non está presente en ningún medio polo que non é culpa da mocidade en concreto, senón da globalización.","Todas as preguntas que se nos fan no texto son incontables para nós, porque como di no último parágrafo, a cultura galega non está presente en ningún medio polo que non é culpa da mocidade en concreto, senón da globalización.",1,"A etiqueta 1 asígnase porque o output_corrector non pode considerarse correcto xa que introduce un problema gramatical novo. Non foi posible extraer unha avaliación válida do modelo, polo que se aplica unha saída conservadora que require revisión manual."
"Neste texto a autora fala de que gran parte da mocidade de hoxe en dia soña con ser futbolista ou modelo, e que ese feito é algo negativo para a sociedada.","Neste texto a autora fala de que gran parte da mocidade de hoxe en día soña con ser futbolista ou modelo, e que ese feito é algo negativo para a sociedade.",0,"O output_corrector é adecuado porque corrixiu o erro do input_corrector entre “hoxe en dia” e “sociedada”, que non era correcto gramaticalmente."
Cómo non van a querer os rapaces e rapazas ser futbolistas ou modelos se son estes os que aparecen non anuncios?,Cómo non van a querer os rapaces e rapazas ser futbolistas ou modelos se son eles os que aparecen nos anuncios?,0,O output_corrector é adecuado porque corrixiu o erro do input_corrector entre “non” e “anuncios”.
"Para comezar, hoxe en día son máis os adolescentes, que teñen unha actitude tirana cos seus pais ou hainos que cren que todo lles saldra ben sen ter que facer nada.","Para comezar, hoxe en día son máis os adolescentes, que teñen unha actitude tirana cos seus pais ou hai quen cre que todo lles sairá ben sen ter que facer nada.",1,"A etiqueta 1 asígnase porque o output_corrector non pode considerarse correcto xa que introduce un problema gramatical novo. Non foi posible extraer unha avaliación válida do modelo, polo que se aplica unha saída conservadora que require revisión manual."
Os pais utilizan o castigo como medio cando o seu fillo non se porta ben; isto non vai a axudar xa que o volverán a facer polo que o mellor método é unha charla onde expliques as repercusións que tendrán os seus feitos.,Os pais utilizan o castigo como medio cando o seu fillo non se porta ben; isto non vai a axudar xa que o volveran a facer polo que o mellor metodo é unha charla onde expliquesas repercusións que teran os seus feitos.,1,"A etiqueta 1 asígnase porque o output_corrector non pode considerarse correcto xa que introduce un problema gramatical novo. Non foi posible extraer unha avaliación válida do modelo, polo que se aplica unha saída conservadora que require revisión manual."
"Tamén a cociña con Carlos Arguiñano, cociñeiro con moitas estrelas michelín; o que impulsa á xente a cociñar e aprender recetas novas, ou tamén inventalas eles.","Tamén a cociña con Carlos Arguiñano, cociñeiro con moitas estrelas Michelin; o que impulsa á xente a cociñar e aprender receitas novas, ou tamén inventalas elas.",1,"A etiqueta 1 asígnase porque o output_corrector non pode considerarse correcto xa que introduce un problema gramatical novo. Non foi posible extraer unha avaliación válida do modelo, polo que se aplica unha saída conservadora que require revisión manual."
"As comidas tradicionais sempre estaran ahí polo contrario, España é famosa pola tortilla de patacas, Francia polas ""crepes"" e Italia pola súa pasta.","As comidas tradicionais estarán aí polo contrario, España é famosa pola tortilla de patacas, Francia polas crepes e Italia pola súa pasta.",0,"O output_corrector é adecuado porque corrixiu o erro do input_corrector, cambiando a forma verbal de “estaran” a “estarán” e corrixindo a falta de acento nos nomes de países."
"Outra causa importante para a popularidade da gastronomía foi o seu paso á televisión mediante programas e realitis shows, en ocasións programas onde se realiza alta cociña como Masterchef por exemplo.","Outra causa importante para a popularidade da gastronomía foi o seu paso á televisión mediante programas e realities shows, en ocasións programas onde se realiza alta cociña como MasterChef por exemplo.",1,"A etiqueta 1 asígnase porque o output_corrector non pode considerarse correcto xa que introduce un problema gramatical novo. Non foi posible extraer unha avaliación válida do modelo, polo que se aplica unha saída conservadora que require revisión manual."
"Cando dende sempre ir de compras supoñía ir a mercar algo que necesitas como os produtos básicos (comida, bebida...), agora ir de compras é un novo ""hobie"", os medios de comunicación fan que desexes e necesites ou creas necesitar algo e vas a compralo, ir de compras é divertido pero simplemente é consumismo.","Cando dende sempre ir de compras supoñía ir a mercar algo que precisas como os produtos básicos (comida, bebida...), agora ir de compras é un novo 'hobie', os medios de comunicación fan que desexes e precises ou creas precisar algo e vas a compralo, ir de compras é divertido mais sómente é consumismo.",0,O output_corrector é adecuado porque corrixiu o erro de pluralización de 'necesitas' a 'precisas' e 'creas necesitar' a 'creas precisar'.
A todos os rapaces da miña idade supoño que polo menos algunha vez discutimos cos nos pais.,A todos os rapaces da miña idade supoño que por algún motivo ou outro discutimos con eles.,1,"A etiqueta 1 asígnase porque o output_corrector non pode considerarse correcto xa que introduce un problema gramatical novo. Non foi posible extraer unha avaliación válida do modelo, polo que se aplica unha saída conservadora que require revisión manual."
"En conclusión eu creo que deberiamos ter máis paciencia e non enfadarnos sempre por calquera tontería e falar mellor as cousas por que cando hai comunicación as persoas entense mellor e tamén ter máis empatía cos nosos pais que xa teñen suficiente por que, ¿como sería unha vida sen pais?","En conclusión, eu creo que deberíamos ter máis paciencia e non enfadarnos sempre por calquera tontería e falar mellor as cousas por que, cando hai comunicación, as persoas entiénense mellor e tamén ter máis empatía cos nosos pais que xa teñen suficiente por que, como sería unha vida sen pais?",0,"O output_corrector é adecuado porque corrixiu os erros gramaticais e de ortografía presentes no input_corrector, mellorando a clareza e a corrección da oración."
"Fai aproximadamente dous anos, Mercedes Queixas publicou este artigo en ""Palavra Comum"" nel gorece o seu particular sentido de ver a sociedade actual, e chega a decir ""o feito de que a infancia e a mocidade soñe con ser futbolista ou modelo moi maioritariamente"" aludindo a despreocupación cultural actual.","Fai aproximadamente dous anos, Mercedes Queixas publicou este artigo en ""Palabra Común"" no que expón o seu particular sentido de ver a sociedade actual, e di que ""o feito de que a infancia e a mocidade soñen con ser futbolistas ou modelos maioritariamente"" alude á falta de interese pola cultura.",0,"O output_corrector é adecuado porque corrixiu os erros do input_corrector, como a falta de acento en ""Palabra Común"" e a corrección de ""gorece"" a ""expón"", e tamén a corrección de ""dispreocupación"" a ""falta de interese pola cultura""."
"En mi opinion, eu penso que estes comportamentos deben ser correxidos xa que poden chegar a destruír o futuro do adolescente, e a familia.","En miña opinión, penso que estes comportamentos deben ser corrixidos xa que poden chegar a destruír o futuro da persoa adolescente, e a súa familia.",1,"A etiqueta 1 asígnase porque o output_corrector non pode considerarse correcto xa que introduce un problema gramatical novo. Non foi posible extraer unha avaliación válida do modelo, polo que se aplica unha saída conservadora que require revisión manual."
"A persoa adolescente por unha serie de motivos vese, por así decilo, ""obrigada"" a través do seu instinto a exercer unha vida máis libre tendendo á desobediencia e desacordo cos pais na maioría de situacións.","A persoa adolescente por unha serie de motivos vese, por así dicilo, «obligada» a través do seu instinto a exercer unha vida máis libre tendendo á desobediência e desacordo cos pais na maioría de situacións.",0,"O output_corrector é adecuado porque corrixiu o erro do input_corrector, cambiando «por» por «por así dicilo» e colocando as comillas para indicar a cita."
Estes conflitos tamén levan a peleas no núcleo familiar.,Estes conflitos tamén levam a pelexas no núcleo familiar.,1,"A etiqueta 1 asígnase porque o output_corrector non pode considerarse correcto xa que introduce un problema gramatical novo. Non foi posible extraer unha avaliación válida do modelo, polo que se aplica unha saída conservadora que require revisión manual."
"É dicir, fixeron unha contribución real a humanidade.","É dicir, fixeron unha contribución real á humanidade.",0,O output_corrector é adecuado porque corrixiu o erro do input_corrector entre “a” e “humanidade”.
Os adolescentes hoxe en día son moito máis rebeldes que antes e pretenden ser demasiado independentes.,Os adolescentes hoxe en día son moito máis rebeldes ca antes e pretenden ser demasiado independentes.,1,"A etiqueta 1 asígnase porque o output_corrector non pode considerarse correcto xa que introduce un problema gramatical novo. Non foi posible extraer unha avaliación válida do modelo, polo que se aplica unha saída conservadora que require revisión manual."
"A miña pregunta é ¿Porque non ser médicos, arquitectos, dentistas...?","A miña pregunta é ¿Por que non ser médicos, arquitectos, dentistas... ?",0,"O output_corrector é adecuado porque corrixiu o erro de acentuación e a forma de preguntar, que era incorrecta."
"Tamén é certo que no caso de Don Mariano, contesta de mala maneira e con malas palabras, e non é a forma máis axeitada de dirixirse a unha filla que, ao mellor, non se percatou do problema que lle supuxo ao seu pai atender esa chamada, o que agravaría aínda máis o problema.","Tamén é certo que no caso de Don Mariano, contesta de mala maneira e con malas palabras, e non é a forma máis axeitada de dirixirse a unha filla que, ao mellor, non se percatara do problema que lle supuso ao seu pai atender esa chamada, o que agravaría aínda máis o problema.",1,"A etiqueta 1 asígnase porque o output_corrector non pode considerarse correcto xa que introduce un problema gramatical novo. Non foi posible extraer unha avaliación válida do modelo, polo que se aplica unha saída conservadora que require revisión manual."
"Non todo o mundo pode chegar a xogar nunha Liga profesional porque é imposibel igual que o de ser modelo, para iso necesitase pasar unha serie de probas e ter un bó estado físico e moitas persoas que intentasen obter estos resultados non o conseguirian porque é un esforzo moi grande.","Non todo o mundo pode chegar a xogar nunha liga profesional porque é imposible como o de ser modelo, para iso hai que superar unha serie de probas e estar en bo estado físico e moitas persoas que intentaran conseguir estes resultados non o conseguiran porque é un esforzo demasiado grande.",0,"O output_corrector é adecuado porque corrixiu os erros do input_corrector, como a falta de concordancia entre o suxeito e o verbo, e a incorrección gramatical en “imposibel” e “ser modelo”."
"Neste caso dedúcese que o que pasa é que a filla de Don Mariano quere ir de compras e a nai non lle deixa, polo que chama ó seu pai para intentar convencelo.","Neste caso dedúcese que o que pasa é que a filla de Don Mariano quere ir de compras e a súa nai non lle deixa, polo que chama á súa avoa para tentar convencela.",1,"A etiqueta 1 asígnase porque o output_corrector non pode considerarse correcto xa que introduce un problema gramatical novo. Non foi posible extraer unha avaliación válida do modelo, polo que se aplica unha saída conservadora que require revisión manual."
"Eu creo que cando somos nenos deberíamos obter unha boa educación por parte dos nosos pais privandonos de certos obxetos, aínda que choremos porque non o repetiremos nun futuro porque sabemos que non funciona.","Eu creo que cando somos nenos debemos recibir unha boa educación por parte dos nosos pais privándonos de certos obxectos, aínda que choraramos porque non o repetirémos nun futuro porque sabemos que non funciona.",1,"A etiqueta 1 asígnase porque o output_corrector non pode considerarse correcto xa que introduce un problema gramatical novo. Non foi posible extraer unha avaliación válida do modelo, polo que se aplica unha saída conservadora que require revisión manual."
"Neste momento nos que podamos darnos de conta do que está a suceder coa perda de interese das principais manifestacións científico-culturais, é cando deberíamos pensar todos os cidadans que é o que estamos a facer mal e se o que queremos, para o futuro das vindeiras xeracións é que aspiren a traballar como tronistas dalgún reality televisivo.","Neste momento podemos darnos de conta do que está a suceder coa perda de interese polas principais manifestacións científico-culturais, é cando debemos pensar todos os cidadáns que é o que estamos facendo mal e se o que queremos, para as futuras xeracións, é que aspiren a traballar coma tronistas dalgúns realities televisivos.",0,"O output_corrector é adecuado porque corrixiu os erros do input_corrector, como a falta de concordancia entre o suxeito e o verbo, e a incorrección na expresión de interese."
"En resumen, creo que todos deberíamos valorar máis outras cousas non tan materialistas, e chamar a alguén, aínda que sepas que está traballando, só en caso de emerxencia.","En resumo, creo que todos deberiamos valorar máis outras cousas non tan materialista, e chamar a alguén, aínda que sepa que estea traballando, so en caso de emerxencia.",1,"A etiqueta 1 asígnase porque o output_corrector non pode considerarse correcto xa que introduce un problema gramatical novo. Non foi posible extraer unha avaliación válida do modelo, polo que se aplica unha saída conservadora que require revisión manual."
"Cando deberíamos plantearnos a idea de que eles xa tiveron a nosa idade, e que as súas hormonas tamén estiveron ""dando tumbos"" pola súa cabeza.","Cando deberiamos plantearnos a idea de que elas xa tiveron a nosa idade, e que as súas hormonas tamén estiveran dando tumbos pola súa cabeza.",1,"A etiqueta 1 asígnase porque o output_corrector non pode considerarse correcto xa que introduce un problema gramatical novo. Non foi posible extraer unha avaliación válida do modelo, polo que se aplica unha saída conservadora que require revisión manual."
"Desde moi pequenos recibimos diferentes influencias que nos marcan para o resto das nosas vidas, creando ilusións que nunca poderemos cumplir, debido a nosa condición social, ao noso físico etc... Primeiramente cabe dicir que ter aspiracións altas na vida no é algo malo, senón todo o contrario, xa que senón sempre estaríamos na nosa zona de confort.","Desde moi pequenos recibimos diferentes influencias que nos marcan para o resto das nosas vidas, creando ilusións que nunca podremos cumprir, debido á nosa condición social, ao noso físico etc… Primeiramente cabe dicir que ter aspiracións altas na vida non é algo malo, senón todo o contrario, xa que sen elas sempre estariamos na nosa zona de conforto.",0,"O output_corrector é adecuado porque corrixiu os erros do input_corrector, como a falta de acentos nos artigos e a corrección de “cumplir” a “cumprir”, e tamén a colocación de “non” antes de “ser algo malo”."
"Estou de acordo que o pai non lle dé a razón a súa filla se non a ten porque él non pode contradicir a educación que súa nai lle está impoñendo, me refiro a que si un lle consinte unha cousa e outro non lla consinte eso é unha mala referencia para a adolescente.","Estou de acordo con que o pai non lle dea a razón á súa filla se non a ten porque el non pode contradícir a educación que a súa nai lle está impoñendo, referíndome a que se un lle consente unha cousa e outro non llo consente iso é unha mala referencia para a adolescente.",0,"O output_corrector é adecuado porque corrixiu os erros de concordancia verbal e de acentuación, así como a oración foi reorganizada para mellorar a clareza e a corrección gramatical."
A adolescente quere ir a sitios caros e o pai lle di que hai moitos máis sitios para comprala rebaixada.,A adolescente quere ir a lugares caros e o pai díxolle que hai moitos outros lugares onde mercar roupa rebentada.,1,"A etiqueta 1 asígnase porque o output_corrector non pode considerarse correcto xa que introduce un problema gramatical novo. Non foi posible extraer unha avaliación válida do modelo, polo que se aplica unha saída conservadora que require revisión manual."
"A rapaza precisa de chamar a atención dos seus pais (os cales non estarán moito na casa), é o fai de forma caprichosa.","A rapaza precisa de chamar a atención dos seus pais (os cales non estarán moito na casa), faino de forma caprichosa.",1,"A etiqueta 1 asígnase porque o output_corrector non pode considerarse correcto xa que introduce un problema gramatical novo. Non foi posible extraer unha avaliación válida do modelo, polo que se aplica unha saída conservadora que require revisión manual."
"E estos conflictos familiares se desvanecen, lóxicamente todos nos tenemos pequenos roces aos 15, 30 ou 40 anos cos nosos pais, familiares e amigos, pero é o normal.","E estes conflitos familiares se desvanecen, lóxicamente todos nós temos pequenos roces aos 15, 30 ou 40 anos cos nosos pais, familiares e amigos, pero é o normal.",0,"O output_corrector é adecuado porque corrixiu o erro do input_corrector entre “estos” e “conflictos”, e tamén corrixiu a forma verbal de “tenemos” en lugar de “tendremos”."
"A parte xa o simple feito de que as nenas queran ser modelos e os nenos futbolistas, nós amosa esa desigualdad que nós debemos erradicar.","A parte xa só o simples feito de que as nenas queiran ser modelos e os nenos futbolistas, nos amósanos esa desigualdade que debemos erradicar.",0,"O output_corrector é adecuado porque corrixiu os erros do input_corrector, como a falta de concordancia entre o suxeito e o verbo, e a falta de acentuación en palabras como “só” e “amosa”."
"Na época de adolescencia é unha época chea de conflictos xa que é unha etapa dura nosas vidas, e cando somos tan novos e inexpertos necesitamos o apoio de figuras paternas e maternas, sen embargo non é unha tarea doada xa que é a idade con máis cambios de humor e incomprensión por parte dos nenos xa que está chea de cambios, tanto corporales como na mentalidade.","Na época de adolescencia é unha época chea de conflitos xa que é unha etapa dura das nosas vidas, e cando somos tan novos e inexpertos necesitamos o apoio de figuras paternais e maternas, sen embargo non é unha tarefa doada xa que é a idade con máis cambios de humor e incomprensión por parte dos nenos xa que está chea de cambios, tanto corporais coma na mentalidade.",0,"O output_corrector é adecuado porque corrixiu os erros do input_corrector, como a falta de concordancia entre os verbos e a corrección de ""figuras paternas e maternas"" a ""figuras paternais e maternas""."
"É así, que temos que tentar favorecer e axudar á sociedade da cultura, da información e de igualdade, onde todo non estea dominado polos cartos, e sexan estes os que inflúen aos nosos xoves.","É así, que temos que intentar favorecer e axudar á sociedade da cultura, da información e de igualdade, onde todo non estea dominado polos cartos, e sexan estes os que inflúan nos nosos mozos.",1,"A etiqueta 1 asígnase porque o output_corrector non pode considerarse correcto xa que introduce un problema gramatical novo. Non foi posible extraer unha avaliación válida do modelo, polo que se aplica unha saída conservadora que require revisión manual."
"Os nenos non teñen a heroes como científicos ou feministas, xa que son os estándares da sociedade actual os que non os valoran en sí.","Os nenos non teñen heroes coma científicos ou feministas, xa que son os estándares da sociedade actual os que non os valoran en si mesmos.",1,"A etiqueta 1 asígnase porque o output_corrector non pode considerarse correcto xa que introduce un problema gramatical novo. Non foi posible extraer unha avaliación válida do modelo, polo que se aplica unha saída conservadora que require revisión manual."
"Por iso, temos que cambiar, dende o meu punto, o ensino e os valores que estan mamando os máis pequenos.","Por iso, temos que cambiar, desde o meu punto, o ensino e os valores que están mamando os máis pequenos.",0,"O output_corrector é adecuado porque corrixiu o erro de “estan” por “están”, que é a forma correcta do presente de indicativo do verbo estar en terceira persoa plural."
Os pais hoxe en día teñen unha difícil labor cos fillos.,Os pais hoxe en día teñen unha difícil tarefa cos fillos.,1,"A etiqueta 1 asígnase porque o output_corrector non pode considerarse correcto xa que introduce un problema gramatical novo. Non foi posible extraer unha avaliación válida do modelo, polo que se aplica unha saída conservadora que require revisión manual."
Estou de acordo con que non fixeron unha labor cultural pero si un esforzo físico progresivo.,Estou de acordo con que non fixeron unha labor cultural pero si un esforzo físico progresivo.,1,"A etiqueta 1 asígnase porque o output_corrector coincide co input_corrector, pero o corrector non resolveu o problema presente na entrada. Non foi posible extraer unha avaliación válida do modelo, polo que se aplica unha saída conservadora que require revisión manual."
"Estes rapaces son o futuro da cultura galega e se non coñecen os orixes da súa cultura, que será cando estes rapaces e rapazas teñan fillos?","Estes rapaces son o futuro da cultura galega e se non coñecen os seus orixes, que será cando estas persoas teñan fillos?",1,"A etiqueta 1 asígnase porque o output_corrector non pode considerarse correcto xa que introduce un problema gramatical novo. Non foi posible extraer unha avaliación válida do modelo, polo que se aplica unha saída conservadora que require revisión manual."
Todo isto produce un empobrecemento cultural da sociedade xa que o que importa é o fútbol e a vida das distintas personaxes públicas.,Todo isto produce un empobrecimento cultural da sociedade xa que o que importa é o fútbol e a vida das distintas persoas públicas.,0,"O output_corrector é adecuado porque corrixiu o erro de pluralización de “personaxes” por “persoas”, o que mellora a gramática e a corrección do texto."
"Chegamos a esta situación pola cultura do carto rápido como menciona o texto de Mercedes Queixas, a sociedade promove a búsqueda de fortuna a cambio de nada en lugar de buscar o reconocimento social por unha labor ben feita.","Chegamos a esta situación pola cultura do carro rápido como menciona o texto de Mercedes Queixas, a sociedade promove a busca da fortuna a cambio de nada en lugar de buscar o recoñecemento social por unha labor ben feita.",1,"A etiqueta 1 asígnase porque o output_corrector non pode considerarse correcto xa que introduce un problema gramatical novo. Non foi posible extraer unha avaliación válida do modelo, polo que se aplica unha saída conservadora que require revisión manual."
"Toda esta xente trascendeu, deixando tras de si un legado que fai posible a sociedade na que vivimos.","Toda esta xente transcendeu, deixando tras de si un legado que fai posible a sociedade na que vivimos.",1,"A etiqueta 1 asígnase porque o output_corrector non pode considerarse correcto xa que introduce un problema gramatical novo. Non foi posible extraer unha avaliación válida do modelo, polo que se aplica unha saída conservadora que require revisión manual."
A confianza e o respeto veñen ligados á educación.,A confianza e o respecto veñen ligados á educación.,1,"A etiqueta 1 asígnase porque o output_corrector non pode considerarse correcto xa que introduce un problema gramatical novo. Non foi posible extraer unha avaliación válida do modelo, polo que se aplica unha saída conservadora que require revisión manual."
"Na miña opinión, visto dende fóra, o problema entre Vanesa e os seus pais é a rebeldía e o seu desexo de facer o que lle ven en gana Aínda así, non apoio que os pais lle falten ao respeto aos seus fillos cando non fan o que deben ou levan unha mala racha.","Na miña opinión, visto dende fóra, o problema entre Vanesa e os seus pais é a rebeldía e o seu desexo de facer o que lles ve en gana; aínda así, non apoio que os pais lles falten ao respecto aos seus fillos cando non fan o que deben ou levan unha mala racha.",0,"O output_corrector é adecuado porque corrixiu o erro do input_corrector, cambiando a forma verbal de “ven” a “ve” e a coma por un punto e coma, e tamén corrixindo a falta de acento nos artigos.”"
A falta de educación é un problema moi grave xa que cada vez a sociedade vaise facendo máis vulgar; a falta de respeto hacia os pais orixina que non teñan respeto polas outras persoas.,A falta de educación é un problema moi grave xa que cada vez a sociedade vai facéndose máis vulgar; a falta de respecto cara aos pais origina que non teñamos respecto por outras persoas.,1,"A etiqueta 1 asígnase porque o output_corrector non pode considerarse correcto xa que introduce un problema gramatical novo. Non foi posible extraer unha avaliación válida do modelo, polo que se aplica unha saída conservadora que require revisión manual."
"Imos crecendo e xogamos ás bonecas, e son tan perfetas, altas e delgadas.","Iremos medrando e xogaremos coas bonecas, e serán tan perfectas, altas e esbeltas.",0,"O output_corrector é adecuado porque corrixiu o erro do input_corrector entre “imos” e “xogamos”, cambiando a forma verbal para a correcta.”"
"En conclusión, o mellor que podes facer é educar a teu fillo dunha maneira adecuada, non só polo simple feito de que sempre che pida cousas, se non, porque a súa actitude contigo será totalmente diferente.","En conclusión, o mellor que podes facer é educar a túa filla dunha maneira axeitada, non só polo simples feito de que ela te pida constantemente cousas, senón tamén por mor da súa actitude cara ti.",1,"A etiqueta 1 asígnase porque o output_corrector non pode considerarse correcto xa que introduce un problema gramatical novo. Non foi posible extraer unha avaliación válida do modelo, polo que se aplica unha saída conservadora que require revisión manual."
"Isto pasou, pasa e pasará por que todos somos nenos nalgún momento na nosa vida, eu penso nos nosos pais e penso pobres, o que lle facemos pasar.","Isto pasou, pasa e pasará porque todos somos nenos nalgún momento da nosa vida, penso nos meus pais e penso pobres, o que lles fixemos pasar.",0,"O output_corrector é adecuado porque corrixiu o erro do input_corrector, cambiando a coma por un porque e corrixindo a forma de expresar a reflexión sobre os pais."
"Non é só pola ropa, se nón que agora coa época da tecnoloxía gastase moito máis.","Non é só pola roupa, senón tamén porque na era tecnolóxica gastamos moito diñeiro.",1,"A etiqueta 1 asígnase porque o output_corrector non pode considerarse correcto xa que introduce un problema gramatical novo. Non foi posible extraer unha avaliación válida do modelo, polo que se aplica unha saída conservadora que require revisión manual."
A realidade non é tan negativa como a presenta se non que ese feito e algo moi normal.,A realidade non é tan negativa como a presenta; se non que ese feito é algo moi normal.,0,"O output_corrector é adecuado porque corrixiu o erro do input_corrector, cambiando a coma por un punto e a coma para separar as frases."
"En conclusión, quizá a cultura galega en certos ámbitos non sexa o máis interesante para os rapaces, pero non é por que soamente soñen con modelos e deportistas, senon porque buscan outro tipo de cultura sexa artística, científica ou doutro tipo...","En conclusión, quizais a cultura galega en certos ámbitos non sexa o máis interesante para os rapaces, mais non é por que unicamente soñan con modelos e deportistas, senón porque buscan outro tipo de cultura sexa artística, científica ou doutra índole…",0,"O output_corrector é adecuado porque corrixiu o erro do input_corrector, cambiando a forma de expresar a idea e a sintaxe para unha expresión correcta e clara."
Que os mozos queran ser futbolistas ou modelos é un sono que moitos teñen na mente pero que en realidade saben que é algo moi dificil de realizar a si que é mellor que estuden a que segan con un soño que non se vai poder cumplir.,Que os mozos queren ser futbolistas ou modelos é un soño que moitos teñen na mente pero que en realidade saben que é algo moi difícil de realizar; por iso é mellor que estudien a que sigan cun soño que non se vai cumprir.,0,"O output_corrector é adecuado porque corrixiu os erros do input_corrector, como a falta de concordancia entre o suxeito e o verbo, e a falta de acentuación en palabras como “soño” e “realizar”."
"Por parte dos pais que só queren o mellor para os seus fillos, e para os fillos que queren ter liberdade coma os adultos.","Por parte dos pais que só queren o mellor para os seus fillos, e para os fillos que queren ter liberdade coma os adultos.",1,"A etiqueta 1 asígnase porque o output_corrector coincide co input_corrector, pero o corrector non resolveu o problema presente na entrada. Non foi posible extraer unha avaliación válida do modelo, polo que se aplica unha saída conservadora que require revisión manual."
"É certo que moitos nenos e nenas teñen soños con ser futbolistas ou modelos, é de acordo a autora, non é un bo síntoma de mentalidade social.","É certo que moitos nenos e nenas teñen soños con ser futbolistas ou modelos, segundo a autora, non é un bo síntoma da súa mentalidade social.",0,"O output_corrector é adecuado porque corrixiu o erro do input_corrector, cambiando a expresión ""é de acordo a autora"" por ""segundo a autora"", o que mellora a clareza e a corrección gramatical."
"Por norma xeral, neste tipo de conflitos, cando o pai ou a nai din que non a algo que a filla ou o fillo queren, adoita ser para que os fillos aprendan unha lección, co cal, sempre deberían facerlle caso aos pais, e por desgracia, isto non é así.","Por norma xeral, neste tipo de conflitos, cando o pai ou a nai din que non a algo que a filla ou o fillo queren, adoitan ser para que os fillos aprendan unha lección, polo cal, sempre deben facerlles caso ós pais, e por desgraza, isto non é así.",0,"O output_corrector é adecuado porque corrixiu o erro do input_corrector, cambiando a forma verbal de “ser” a “ser” e “deberían” a “deben”, e tamén corrixiu a falta de acento en “desgraza” a “desgraza”."
"Un deles é o típico que ocorre cando o pai ou, en este caso a nai, dille que non a algo que o fillo ou filla desexa.","Un deles é o típico que ocorre cando o pai ou, neste caso a nai, lle di que non a algo que o fillo ou filla desexan.",1,"A etiqueta 1 asígnase porque o output_corrector non pode considerarse correcto xa que introduce un problema gramatical novo. Non foi posible extraer unha avaliación válida do modelo, polo que se aplica unha saída conservadora que require revisión manual."
Realmente deberíase cobrar en función a responsabilidade á que se esté exposto no traballo e non por saír na televisión ou en internet.,Realmente debería cobrarse en función da responsabilidade á que se estea exposta no traballo e non pola exposición mediática.,0,"O output_corrector é adecuado porque corrixiu o erro do input_corrector entre “esté” e “expuesto”, cambiando a forma verbal e a concordancia."
"Problemas como este poden levarse ao extremo como pode verse en programas como ""Hermano mayor"" onde os rapaces causan problemas serios nas casas.","Problemas coma estes poden levarse ao extremo como pode verse en programas como 'Hermano maior', onde os rapaces causan problemas serios nas casas.",0,"O output_corrector é adecuado porque corrixiu o erro do input_corrector, cambiando 'Problemas como este' por 'Problemas coma estes' e 'como pode verse en programas como ""Hermano maior""' por 'como pode verse en programas como ""Hermano maior""'."
"Os nenos e nenas de hoxe en día crecen acostumados a analizar moita información que poden percibir a través de internet, anuncios pola rúa ou pola televisión, sobre todo pola televisión.","Os nenos e as nenas de hoxe en día crecen acostumados a analizar moita información que poden percibir a través de internet, anuncios pola rúa ou pola televisión, sobre todo pola televisión.",1,"A etiqueta 1 asígnase porque o output_corrector non pode considerarse correcto xa que introduce un problema gramatical novo. Non foi posible extraer unha avaliación válida do modelo, polo que se aplica unha saída conservadora que require revisión manual."
estos conflictos veñen dados por ambas dúas partes xa que é unha etapa onde os fillos pasan de ser nenos a adolescentes e iso ás veces non é doado para os pais.,estes conflitos veñen dados por ambas as dúas partes xa que é unha etapa onde os fillos pasan de ser nenos a adolescentes e iso ás veces non é doado para os pais.,0,"O output_corrector é adecuado porque corrixiu o erro do input_corrector, cambiando “ambas dúas partes” por “ambas as dúas partes” e corrixindo a falta de acento en “xa”."
"con isto non quero dicir que os grandes persoaxes públicos sexan uns vagos, cada un vive do que lle gusta e polo que loita.","con isto non quero dicir que os grandes persoaxes públicos son uns vagos, cada un vive do que lle gusta e polo que loita.",1,"A etiqueta 1 asígnase porque o output_corrector non pode considerarse correcto xa que introduce un problema gramatical novo. Non foi posible extraer unha avaliación válida do modelo, polo que se aplica unha saída conservadora que require revisión manual."
Estos modelos de comportamento e seguimento deben cambiar.,Estes modelos de comportamento e seguimento deben cambiarse.,0,"O output_corrector é adecuado porque corrixiu o erro do input_corrector, cambiando a forma verbal de “deben” a “deben cambiarse”."
"Verdadeiramente, como di a autora, estos personaxes non deberían nin influenciar desta maneira nin ser capaces de persuadir á sociedade.","Verdadeiramente, como di a autora, estes personaxes non deberían nin influír nesta maneira nin ser capaces de persuadir á sociedade.",0,O output_corrector é adecuado porque corrixiu o erro do input_corrector entre “estos” e “personaxes”.
"Todos esos momentos non se mostran e igual sería moi interesante facelo, porque nesta vida, de balde, non hai nada.","Todos eses momentos non se mostran e igual sería moi interesante facelo, porque nesta vida, de balde, non hai nada.",0,O output_corrector é adecuado porque corrixiu o erro do input_corrector entre “esos” e “momentos”.
"No obstante os fillos nalgúns casos son moi irresponsables e non pensan que aos pais lles costa traballar para que nos poidamos disfrutar dunhas condicións de vida boas Algunas persoas non lle importa o esforzo realizado polos pais senon que se dedican a pedir diñeiro ou que lle compre roupa e eles en vez de recompensar polo menos aos seus pais estudando, pasanse o tempo saindo cos seus amigos.","No entanto, algúns dos nenos son moi desagradecidos e non valoran o traballo duro que fan os seus pais para proporcionarlles unha boa calidade de vida. Algunhas persoas non respectan o sacrificio feito por estes últimos senón que piden constantemente cartos ou cousas materiais mentres pasan o seu tempo libre con outros amigos.",0,"O output_corrector é adecuado porque corrixiu os erros do input_corrector, mellorando a gramática e a coherencia do texto."
"Mais tamén pode ser de que o rapaz non estea ben cos seus pais e por iso haia ises problemas ou que estea con moito estrés, na cal isto pode xerar problemas temporais.","Mais tamén pode ser de que o rapaz non estea ben cos seus pais e por iso hai eses problemas ou que estea con moito estrés, no cal isto pode xerar problemas temporais.",1,"A etiqueta 1 asígnase porque o output_corrector non pode considerarse correcto xa que introduce un problema gramatical novo. Non foi posible extraer unha avaliación válida do modelo, polo que se aplica unha saída conservadora que require revisión manual."
"Un inconveniente máis propio da actualidade da convivencia entre pais e fillos é a gran taxa de paro xuvenil, pois, hai anos, ante unha situación familiar totalmente insostenible, o fillo só tiña que agardar aos dezaoito anos para traballar e poder saír da casa, mais, hoxe, se non quere rematar vivindo na rúa, necesita estudos para atopar un traballo, e, mentres estuda, ten que estar na casa, o que pode provocar, na maioría dos casos, que o fillo remate de madurar e faga as paces cos seus pais ou, noutros, que o fillo teña que ""buscarse a vida"", o que non sempre remata ben.","Un inconveniente máis propio da actualidade da convivencia entre pais e fillos é a grande taxa de paro xuvenil, pois, hai anos, ante unha situación familiar totalmente insostenible, o fillo só tiña que esperar ós dezaoito anos para traballar e poder saír da casa, mais, hoxe, se non quere acabar vivindo na rúa, precisa estudos para atopar un traballo, e, mentres estuda, ten que estar na casa, o que pode provocar, na maioría dos casos, que o fillo acabe de madurecer e faga as paces cos seus pais ou, noutros, que o fillo teña que 'buscarse a vida', o que non sempre acaba ben.",1,"A etiqueta 1 asígnase porque o output_corrector non pode considerarse correcto xa que introduce un problema gramatical novo. Non foi posible extraer unha avaliación válida do modelo, polo que se aplica unha saída conservadora que require revisión manual."
"Estas actitudes non son boas nin pra os fillos nin pra os pais, as cales poden chegar a acabar en conflicto.","Estas actitudes non son boas nin para os fillos nin para os pais, que poden chegar a acabar en conflito.",0,"O output_corrector é adecuado porque corrixiu o erro do input_corrector entre “pra” e “os pais”, que non era correcto gramaticalmente."
"A audiencia medra considerablemente na información deportiva, especialmente tras eventos ""sinalados"", dos cales poden estar falando e sacándolles información e temas durante un gran número de días.","A audiencia medra considerablemente na información deportiva, especialmente tras eventos ""sinalados"", dos cales poden estar falando e sacándolles información e temas durante un grande número de días.",1,"A etiqueta 1 asígnase porque o output_corrector non pode considerarse correcto xa que introduce un problema gramatical novo. Non foi posible extraer unha avaliación válida do modelo, polo que se aplica unha saída conservadora que require revisión manual."
"En conclusión, a mocidade, tanto pequenos como maiores, debería de deixar de centrarse en ser popular e chegar a ser quen realmente se quere, e con una cultura básica.","En conclusión, a mocidade, tanto pequenos coma maiores, debería de deixar de centrarse en ser popular e chegar a ser quen realmente se quere, e cunha cultura básica.",1,"A etiqueta 1 asígnase porque o output_corrector non pode considerarse correcto xa que introduce un problema gramatical novo. Non foi posible extraer unha avaliación válida do modelo, polo que se aplica unha saída conservadora que require revisión manual."
"Na miña opinión creo que é culpa das dúas partes: dos pais por consentir máis do que deben e dos fillos por ser demasiado egoístas O outro problema é o de ""dillo a mamá"" ou ""dillo a papá"", que é o que a maioría dos pais din ós seus fillos cando non teñen a forza para tomar unha decisión ou simplemente queren quitarse a responsabilidade de enriba.",Na miña opinión creo que é culpa das dúas partes: dos pais por consentir máis do que deben e dos fillos por ser demasiado egoísta,1,"A etiqueta 1 asígnase porque o output_corrector non pode considerarse correcto xa que introduce un problema gramatical novo. Non foi posible extraer unha avaliación válida do modelo, polo que se aplica unha saída conservadora que require revisión manual."
"Non discuto, que ás veces pódase dar un capricho ao fillo, pero todo en exceso é malo, e ao mellor chega o momento no que non podas compracelos como sempre e estes estén mal acostumados.","Non discuto, que ás veces pódese dar un capricho ao fillo, pero todo en exceso é malo, e ao mellor chega o momento no que non poidas complacelo coma sempre e este estea mal acostumado.",1,"A etiqueta 1 asígnase porque o output_corrector non pode considerarse correcto xa que introduce un problema gramatical novo. Non foi posible extraer unha avaliación válida do modelo, polo que se aplica unha saída conservadora que require revisión manual."
"A importancia da imaxe persoal ten máis valor que nunca, deixando como consecuencia, atrás todo tipo de coñecementos que lle axuden a mellorar como persoa.","A importancia da imaxe persoal ten máis valor que nunca, deixando como consecuencia, atrás todo tipo de coñecementos que lle axudan a mellorar como persoa.",1,"A etiqueta 1 asígnase porque o output_corrector non pode considerarse correcto xa que introduce un problema gramatical novo. Non foi posible extraer unha avaliación válida do modelo, polo que se aplica unha saída conservadora que require revisión manual."
"Os pais, preocupados polos seus fillos, a súa estabilidade e o seu futuro, ás veces, intentan dar unha gran protección e pouca liberdade aos seus fillos que acaba por aborrecer a estes creando así un malestar no ambiente familiar.","Os pais, preocupados polo s seus fillos, pola súa estabilidade e polo seu futuro, ás veces, intentan darlles unha grande protección e pouca liberdade que acabará por aborrecelos a eles mesmos, creando así un malestar na familia.",1,"A etiqueta 1 asígnase porque o output_corrector non pode considerarse correcto xa que introduce un problema gramatical novo. Non foi posible extraer unha avaliación válida do modelo, polo que se aplica unha saída conservadora que require revisión manual."
"En conclusión, a protección dos pais aos cativos é necesaria, así como o consello destes, e aínda sendo esta en xusta medida os problemas de entendemento na casa nestas idades son prácticamente inevitables.","En conclusión, a protección dos pais aos cativos é necesaria, así como o seu consello, e aínda que sexa esta en xusta medida os problemas de entendemento na casa nestes anos son practicamente inevitables.",1,"A etiqueta 1 asígnase porque o output_corrector non pode considerarse correcto xa que introduce un problema gramatical novo. Non foi posible extraer unha avaliación válida do modelo, polo que se aplica unha saída conservadora que require revisión manual."
"Por outra banda una sobreprotección do menor por parte dos pais, pode levar a este a una inestabilidade moi perigosa en todolos ámbitos da rutina diaria.","Por outra banda unha sobreprotección do menor por parte dos pais, pode levalos a unha inestabilidade moi perigosa en todos os ámbitos da súa rutina diaria.",0,"O output_corrector é adecuado porque corrixiu o erro do input_corrector, cambiando “una” por “unha” e “todolos” por “todos os”, e corrixindo a forma verbal de “levar” a “levalos”."
"Ensinemos os nenos o verdadeiro significado do valor, de a gran riqueza.","Ensinémoslle aos nenos o verdadeiro significado do valor, da grande riqueza.",0,"O output_corrector é adecuado porque corrixiu o erro do input_corrector, cambiando a forma verbal e a concordancia do suxeito."
O gracioso é que non me sorprende en absoluto ningunha das dúas respostas xa que os culpables de elas somos nós e a sociedade na que vivimos.,O gracioso é que non me sorprenden en absoluto ningunha das dúas respostas xa que os culpables delas somos nós e a sociedade na que vivimos.,1,"A etiqueta 1 asígnase porque o output_corrector non pode considerarse correcto xa que introduce un problema gramatical novo. Non foi posible extraer unha avaliación válida do modelo, polo que se aplica unha saída conservadora que require revisión manual."
"De estas situacións moitas veces proveñen os casos de acoso ou ""bullying"" que se sofre tanto na escola como polas redes.",De estas situacións moitas veces proveñen os casos de acoso ou «bullying» que se sofre tanto na escola como polas redes.,0,O output_corrector é adecuado porque corrixiu o erro de acentuación e acentos nos termos «bullying» e «escolas».
"Todos os deportistas, non tiveron un acceso ao carto rápido como di no texto.","Todos os deportistas, non tiveron un acceso ao carro rápido como di no texto.",0,O output_corrector é adecuado porque corrixiu o erro do input_corrector entre “carto” e “carro”.
Pero hai outros cómo por exemplo cando unha nai ou un pai manda facer algo e non o fan.,Pero hai outros como por exemplo cando unha nai ou un pai mandan facer algo e non o fan.,0,O output_corrector é adecuado porque corrixiu o erro de pluralización e a forma correcta de expresar a acción de mandar.
"Se ben é certo que a falta de mentes privilexiadas escasea, non creo que que os rapaces queiran ser futbolistas ou modelos sexa algo malo.","Se ben é certo que a falta de mentes privilexiadas escasea, non creo que que os rapaces queiran ser futbolistas ou modelos sexa algo malo.",1,"A etiqueta 1 asígnase porque o output_corrector coincide co input_corrector, pero o corrector non resolveu o problema presente na entrada. Non foi posible extraer unha avaliación válida do modelo, polo que se aplica unha saída conservadora que require revisión manual."
Neste caso fala dese conflicto pero existen moitos máis.,Neste caso fala deses conflictos pero existen moitos máis.,0,O output_corrector é adecuado porque solucionou o erro do input_corrector entre “dese” e “conflicto”.
Non pensa nas repercusións que pode ter.,non pense nas repercusións que pode ter,1,"A etiqueta 1 asígnase porque o output_corrector non pode considerarse correcto xa que introduce un problema gramatical novo. Non foi posible extraer unha avaliación válida do modelo, polo que se aplica unha saída conservadora que require revisión manual."
A infancia e a mocidade soña con ser futbolista e modelo porque son traballos sinxelos e no que gañan moito diñeiro pero a realidade é que non todo o mundo pode ser futbolista ou modelo.,A infancia e a mocidade soñaban con ser futbolistas e modelos porque eran empregos simples nos que gañaban moito diñeiro mais a realidade era que non todos podían ser futbolistas ou modelos.,1,"A etiqueta 1 asígnase porque o output_corrector non pode considerarse correcto xa que introduce un problema gramatical novo. Non foi posible extraer unha avaliación válida do modelo, polo que se aplica unha saída conservadora que require revisión manual."
"Non só as novas xeracións están implicadas nestes ámbitos, eu creo que todos en maior ou menor medida dexesamos dedicarnos algunha vez a algo relacionado con estes dous mundos.","Non só as novas xeracións están implicadas nestes ámbitos, eu creo que todos en maior ou menor medida desexamos dedicarnos algunha vez a algo relacionado con estes dous mundos.",1,"A etiqueta 1 asígnase porque o output_corrector non pode considerarse correcto xa que introduce un problema gramatical novo. Non foi posible extraer unha avaliación válida do modelo, polo que se aplica unha saída conservadora que require revisión manual."
"Eu penso que se debería empezar a apostar por unha sociedade na que se desenvolvan ámbitos como o do cine o do teatro ou algo que revalorize a cultura galega, unha das cousas que nos implica a todos e que por desgraza está moi pouco desenvolta.","Eu penso que se deberíamos comezar a apostar por unha sociedade na que se desenvolvesen ámbitos coma o da arte ou algo que valorizase a nosa cultura, unha das cousas que nos implican a todas e que por desgraza está moi pouco desenvolvida.",0,"O output_corrector é adecuado porque corrixiu os erros do input_corrector, como a falta de concordancia entre o suxeito e o verbo, e a falta de acentuación en palabras como “cine” e “teatro”."
"Se desenboca nisto, a familia terá un grave problema, posto que isto non axuda a súa unión, o contrario separaa máis.","Se desenvólvese neste, a familia terá un grave problema, pois isto non axuda á súa unión, senón que a separa aínda máis.",0,"O output_corrector é adecuado porque corrixiu o erro do input_corrector, cambiando “desenboca” por “desenvólvese” e “separaa” por “separa”, e ademais, corrixiu a oración para que sexa gramaticalmente correcta."
"Pero aínda que nos comprendan teñen que nos marcar unhas directrices a seguir, xa que somos inespertos e tomamos decisións aloucadas e sen unha previa meditación, e por riba non pensamos no noso futuro solo no presente, en pasalo ben e disfrutar ata o último segundo de todo.","Pero aínda que nos comprendan teñen que nos marcar unhas directrices a seguir, xa que somos inexpertos e tomamos decisións aloucadas e sen unha previa meditación, e por riba non pensamos no noso futuro só no presente, en pasalo ben e desfrutar ata o último segundo de todo.",0,"O output_corrector é adecuado porque corrixiu o erro do input_corrector entre “inespertos” e “tomamos”, e tamén corrixiu a falta de acento en “só”."
"No texto temos o exemplo dunha filla, Vanesa, que discute cos seus pais porque quere ir mercar ropa nova e eles neganse coa excusa de que xa ten moita no seu armario.","No texto temos o exemplo dunha filla, Vanessa, que discute cos seus pais porque quere ir comprar roupa nova e eles négranse coa excusa de que xa ten moito na súa armaria.",1,"A etiqueta 1 asígnase porque o output_corrector non pode considerarse correcto xa que introduce un problema gramatical novo. Non foi posible extraer unha avaliación válida do modelo, polo que se aplica unha saída conservadora que require revisión manual."
"O problema é que as veces a razón temola nos, e eles case nunca o admiten, e por isto que moitos adolescentes revelanse e o que podía ser unha simple conversación domestica convertese nunha grave discusión.","O problema é que ás veces a razón témolo nós, e eles case nunca o admiten, e por iso que moitos adolescentes revo...",1,"A etiqueta 1 asígnase porque o output_corrector non pode considerarse correcto xa que introduce un problema gramatical novo. Non foi posible extraer unha avaliación válida do modelo, polo que se aplica unha saída conservadora que require revisión manual."
Na época da adolescencia é moi común que a xuventude sea abariciosa e non se den conta do que implica comprar certas cousas.,Na época da adolescencia é moi común que a mocidade sexa avariciosa e non se decaten do que implica mercar certas cousas.,1,"A etiqueta 1 asígnase porque o output_corrector non pode considerarse correcto xa que introduce un problema gramatical novo. Non foi posible extraer unha avaliación válida do modelo, polo que se aplica unha saída conservadora que require revisión manual."
"Por ultimo, cave destacar que e mais facil que un neno xogue ao futbol que so necesita un balón en vez de xogar o laboratorio que necesita ferramentas, polo que é mais facil que o futbol se achegue a mocidade.","Por último, cabe destacar que é máis fácil que un neno xoga ao fútbol que só precisa unha pelota en vez de xogar no laboratorio que require ferramentas, polo que é máis fácil que o fútbol se aproxime á mocidade.",0,"O output_corrector é adecuado porque corrixiu os erros do input_corrector, como a falta de concordancia entre o suxeito e o verbo, e a confusión entre palabras semellantes."
A día de hoxe bombardéasenos con noticias vanais constantemente deixando totalmente de lado a cultura ou os novos descubrimentos científicos.,A día de hoxe bombardeánsenos con noticias vanas constantemente deixando totalmente de lado a cultura ou os novos descubrimentos científicos.,1,"A etiqueta 1 asígnase porque o output_corrector non pode considerarse correcto xa que introduce un problema gramatical novo. Non foi posible extraer unha avaliación válida do modelo, polo que se aplica unha saída conservadora que require revisión manual."
Nalgúns casos os pais teñen unha visión do que é mellor para o seu fillo incorrecto.,Nalgúns casos os pais teñen unha visión do que é mellor para o seu fillo incorrecta.,1,"A etiqueta 1 asígnase porque o output_corrector non pode considerarse correcto xa que introduce un problema gramatical novo. Non foi posible extraer unha avaliación válida do modelo, polo que se aplica unha saída conservadora que require revisión manual."
Co paso dos anos a xuventude cada vez sieguen a mais xente e queren ser coma eles.,Co paso do tempo a mocidade segue a atraer máis xente que quere imitarlles.,1,"A etiqueta 1 asígnase porque o output_corrector non pode considerarse correcto xa que introduce un problema gramatical novo. Non foi posible extraer unha avaliación válida do modelo, polo que se aplica unha saída conservadora que require revisión manual."
"Esta é a razón pola que estou de acordo coa autora, porque calqueira pode soñar con ser futbolista ou modelo pero hai que saber soñar e saber escoller, pois a cultura xeralmente abre máis portas e non termina sendo tóxico para o coñecemento social tanto como o fai ese mundo do que tantos falan.","Esta é a razón pola que estou de acordo coa autora, porque calquera pode soñar con ser futbolista ou modelo pero hai que saber soñar e saber escoller, pois a cultura xeralmente abre máis portas e non remata sendo tóxica para o coñecemento social tanto coma ese mundo do que tantos falan.",0,"O output_corrector é adecuado porque corrixiu os erros de concordancia verbal e de concordancia de xénero entre “calquera” e “soñar” e entre “hai” e “escoller”, e tamén corrixiu a falta de acento nos verbos “soñar” e “remata”."
Polo tanto a sociedade vai un pouco sen rumbo e debería abrirse máis aos seus verdadeiras preferencias o que levará a que se den a coñecer as persoas e as cousas que realmente son importantes.,"Polo tanto a sociedade vai un pouco sen rumbo e debería abrirse máis ás súas verdades preferencias, o cal levaría á luz as persoas e as cousas verdadeiramente importantes.",1,"A etiqueta 1 asígnase porque o output_corrector non pode considerarse correcto xa que introduce un problema gramatical novo. Non foi posible extraer unha avaliación válida do modelo, polo que se aplica unha saída conservadora que require revisión manual."
"Para concluir, hai moitas casos de violencia contra os pais por eses argumentos que din.","Para concluír, hai moitos casos de violencia contra os pais por estes argumentos que din.",0,O output_corrector é adecuado porque corrixiu o erro do input_corrector entre “concluir” e “casos”.
"Os conflitos familiares son moi peculiares en todas as familias, xa que todos teñen falta de fala, debido a que non intercambian conversas, polo tanto a familia non comprende o que lle pasa o fillo, nin el aos pais.","Os conflitos familiares son moi peculiares en todas as familias, xa que todos teñen falta de fala, debido a que non intercambian conversas, polo tanto a familia non comprende o que lle pasa ó fillo, nin el ós seus pais.",1,"A etiqueta 1 asígnase porque o output_corrector non pode considerarse correcto xa que introduce un problema gramatical novo. Non foi posible extraer unha avaliación válida do modelo, polo que se aplica unha saída conservadora que require revisión manual."
Hoxe en día os adolescentes cren que poden facer o que eles queiran e tratan a súa familia como lles veña en gana.,Hoxe en día os adolescentes cren que poden facer o que queren e tratan á súa familia coma lles veña en gana.,1,"A etiqueta 1 asígnase porque o output_corrector non pode considerarse correcto xa que introduce un problema gramatical novo. Non foi posible extraer unha avaliación válida do modelo, polo que se aplica unha saída conservadora que require revisión manual."
"Ademais da violencia física tamén está a psicolóxica que soen estar ligadas nestes tipo de casos, nos que estes adolescentes incontrolables manipulan aos demáis.","Ademais da violencia física tamén está a psicoloxía que soen estar ligada nestes tipos de casos, onde estes adolescentes descontrolados manipulan ós demais.",0,"O output_corrector é adecuado porque corrixiu o erro do input_corrector entre “psicolóxica” e “que”, e tamén corrixiu a forma incorrecta de “soen” por “soen estar” por “soen estar” por “soen estar” por “soen estar” por “soen estar” por “soen estar” por “soen estar” por “soen estar” por “soen estar” por “soen estar” por “soen estar” por “soen estar” por “soen estar” por “soen estar” por “soen estar” por “soen estar” por “soen estar” por “soen estar” por “soen estar” por “soen estar” por “soen estar” por “soen estar” por “soen estar” por “soen estar” por “soen estar” por “soen estar” por “soen estar” por “soen estar” por “soen estar” por “soen estar” por “soen estar” por “soen estar” por “soen estar” por “soen estar” por “soen estar” por “soen estar” por “soen estar” por “soen estar” por “soen estar” por “soen estar” por “soen estar” por “soen estar” por “soen estar” por “soen estar” por “"
"Como ela mismo di, o feito de que a infancia e a mocidade soñe con ser futbolista ou modelo non é algo do que sentirse verdadeiramente orgulloso.","Como ela mesma di, o feito de que a infancia e a mocidade soñen con ser futbolista ou modelo non é algo do que se sinta verdadeiramente orgullosa.",1,"A etiqueta 1 asígnase porque o output_corrector non pode considerarse correcto xa que introduce un problema gramatical novo. Non foi posible extraer unha avaliación válida do modelo, polo que se aplica unha saída conservadora que require revisión manual."
"Ben, é realmente triste que a xente nova de hoxe en día, pense que vai ter unha vida máis fácil polo feito de ser coñecido por todo o mundo e facer algo para o que vales xa sen estudar.","Ben, é realmente triste que a xente nova de hoxe en día, pense que vai ter unha vida máis fácil polo feito de ser coñecida por todo o mundo e facer algo para o que vales xa sen estudar.",1,"A etiqueta 1 asígnase porque o output_corrector non pode considerarse correcto xa que introduce un problema gramatical novo. Non foi posible extraer unha avaliación válida do modelo, polo que se aplica unha saída conservadora que require revisión manual."
"Hai que deixarse de sensacionalismo e pensar no ben común non en facerse rico pola cara, porque ao final isto o que fomenta é un futuro cheo de xente inculta coa súa fama frustrada.","Hai que deixase de sensacionalismo e pensar no ben común non en hacerse rico pola cara, porque ao final isto o que fomenta é un futuro cheo de xente inculta coa súa fame frustrada.",1,"A etiqueta 1 asígnase porque o output_corrector non pode considerarse correcto xa que introduce un problema gramatical novo. Non foi posible extraer unha avaliación válida do modelo, polo que se aplica unha saída conservadora que require revisión manual."
Neste caso e observando o que expón a autora situome no seu bando.,Neste caso e observando o que expón a autora situome no seu bando.,1,"A etiqueta 1 asígnase porque o output_corrector coincide co input_corrector, pero o corrector non resolveu o problema presente na entrada. Non foi posible extraer unha avaliación válida do modelo, polo que se aplica unha saída conservadora que require revisión manual."
"Tamén comezamos a xogar ó fútbol e a velo, comezamos a ter a consciencia de que esa xente que sae na tele dándolle patadas a un balón gaña o dobre ou incluso o triple ca os nosos pais.","Tamén comezamos a xogar ó fútbol e a velo, comezamos a ter a consciencia de que esa xente que sae na tele dándolles patacas a un balón gañan o dobre ou mesmo o triplo dos nosos pais.",1,"A etiqueta 1 asígnase porque o output_corrector non pode considerarse correcto xa que introduce un problema gramatical novo. Non foi posible extraer unha avaliación válida do modelo, polo que se aplica unha saída conservadora que require revisión manual."
Na miña opinión esto e unha auténtica locura.,Na miña opinión isto é unha auténtica loucura.,0,"O output_corrector é adecuado porque corrixiu o erro do input_corrector entre “esto” e “unha auténtica locura”, cambiando a forma incorrecta por unha correcta."
"A mocidade e a infancia soña con ser futbolista ou modelo xa que, baixo a miña opinión, eso é o que nos mostran dende que somos cativos.","A mocidade e a infancia soñan cos ser futbolista ou modelo xa que, baixo a miña opinión, iso é o que nos mostran desde que somos cativos.",0,"O output_corrector é adecuado porque corrixiu o erro de pluralización e a colocación de coma, que estaba presente no input_corrector."
Penso que vale moito máis unha mente sana nun corpo sán que a beleza exterior.,Penso que vale moito máis unha mente saudable nun corpo sa do que a beleza externa.,1,"A etiqueta 1 asígnase porque o output_corrector non pode considerarse correcto xa que introduce un problema gramatical novo. Non foi posible extraer unha avaliación válida do modelo, polo que se aplica unha saída conservadora que require revisión manual."
"Debido a esto, moitos dos xovenes creen que poden chegar a un nivel semellante pero a realidade e que moitos non poderan chegar ao nivel destes xogadores profesionais.","Debido a isto, moitos dos mozos cren que poden chegar a un nivel similar pero a realidade é que moitos non poderán chegar ao nivel deses xogadores profesionais.",0,"O output_corrector é adecuado porque corrixiu os erros do input_corrector, como a falta de concordancia entre o suxeito e o verbo, e a falta de acento nos artigos e pronomes."
"Por iso, a comprensión e a paciencia son o máis importante.","Por iso, a comprensión e a paciencia son o máis importantes.",1,"A etiqueta 1 asígnase porque o output_corrector non pode considerarse correcto xa que introduce un problema gramatical novo. Non foi posible extraer unha avaliación válida do modelo, polo que se aplica unha saída conservadora que require revisión manual."
A maioría deles non acabaran sendo nada diso.,A maioría deles non acabarían sendo nada diso.,0,O output_corrector é adecuado porque corrixiu o erro do input_corrector entre “acabaran” e “serían”.
Débese en boa parte ao consentimento dos pais e a mala educación que provoca isto nos fillos.,Debe en boa parte o consentimento dos pais e a mala educación que provoca isto nos fillos.,1,"A etiqueta 1 asígnase porque o output_corrector non pode considerarse correcto xa que introduce un problema gramatical novo. Non foi posible extraer unha avaliación válida do modelo, polo que se aplica unha saída conservadora que require revisión manual."
"Hoxe en día as novas xeracións, traen consigo unha mentalidade un pouco distorsionada do que é realmente o mundo, quizás sexa porque o mundo cambiou con respecto as máis vellas xeracións, xa que nestes momentos, estamos todos moi implicados nos mundos da moda ou do fútbol.","Hoxe en día as novas xeracións, traen consigo unha mentalidade un pouco distorsionada do que é realmente o mundo, quizais sexa porque o mundo cambiou con respecto ás máis vellas xeracións, xa que nestes momentos, estamos todos moi implicados no mundo da moda ou do fútbol.",1,"A etiqueta 1 asígnase porque o output_corrector non pode considerarse correcto xa que introduce un problema gramatical novo. Non foi posible extraer unha avaliación válida do modelo, polo que se aplica unha saída conservadora que require revisión manual."
A roupa é a mesma pero de diferentes prezos según a marca ou o lugar.,A roupa é a mesma pero de diferentes prezos segundo a marca ou o lugar.,1,"A etiqueta 1 asígnase porque o output_corrector non pode considerarse correcto xa que introduce un problema gramatical novo. Non foi posible extraer unha avaliación válida do modelo, polo que se aplica unha saída conservadora que require revisión manual."
"Os nosos pais sempre queren que teñamos as mellores cousas, pero sempre tendo en conta o soldo que gaña cada un.","Os nosos pais sempre queren que teñamos as mellores cousas, mais sempre tendo en conta o soldo que gañan cada un.",0,O output_corrector é adecuado porque solucionou o erro do input_corrector entre “mais” e “soldo”.
da cultura e o esforzo diario.,da cultura e do esforzo diario.,0,O output_corrector é adecuado porque corrixiu o erro do input_corrector entre “e” e “esforzo”.
"Non sempre, pero si hai un tempo, a televisión está chea de pasarelas, concursos de beleza, etc... As rapazas ao ver a estás ""princesas"" andando non dubidan en intentar ser coma elas.","Non sempre, senón que hai un tempo, a televisión está chea de pasarelas, concursos de beleza, etc… As rapazas ao ver estas “princesas” andan non dubidan en tentar ser como elas.",0,"O output_corrector é adecuado porque corrixiu o erro do input_corrector, cambiando a coma por un punto e virgula e corrixindo a forma de plural de “princesas”."
As veces existen diferencias entre pais e fillos como estas.,As veces existen diferenças entre pais e fillos coma esta.,1,"A etiqueta 1 asígnase porque o output_corrector non pode considerarse correcto xa que introduce un problema gramatical novo. Non foi posible extraer unha avaliación válida do modelo, polo que se aplica unha saída conservadora que require revisión manual."
"Este suceso, cada vez máis frecuente, é un reflexo perfecto da situación actual, e a toxicidade producida por, maioritariamente, os medios de comunicación.","Este suceso, cada vez máis frecuente, é un reflexo perfecto da situación actual, e a toxicidade producida polos medios de comunicación.",1,"A etiqueta 1 asígnase porque o output_corrector non pode considerarse correcto xa que introduce un problema gramatical novo. Non foi posible extraer unha avaliación válida do modelo, polo que se aplica unha saída conservadora que require revisión manual."
"Cada vez danse máis os casos de conflictos familiares, un tema que non se lle soe dar moita importancia pero que afecta moito nestes ámbitos familiares.","Cada vez danse máis os casos de conflitos familiares, un tema que non se lle costuma dar demasiada importancia mais que afecta moito nestas áreas familiares.",1,"A etiqueta 1 asígnase porque o output_corrector non pode considerarse correcto xa que introduce un problema gramatical novo. Non foi posible extraer unha avaliación válida do modelo, polo que se aplica unha saída conservadora que require revisión manual."
A sociedade non pode pensar nun traballo como o futbol e modelo porque con iso non se chega a ningún lado sé se quere que a economía e a sociedade do pais mellore.,A sociedade non pode pensar nun traballo coma o fútbol e o modelo porque con iso non se chega a ningún lado se se quere que a economía e a sociedade do país melloren.,0,"O output_corrector é adecuado porque corrixiu os erros do input_corrector, como a falta de acentos e a ortografía incorrecta en palabras como'sociedade' e 'fútbol', e tamén corrixiu a gramática e a sintaxe para que o texto sexa correcto e claro."
"Dende as orixes da humanidade, o feito de comer é algo indiscutiblemente necesario para a nosa vivencia.","Dende as orixes da humanidade, o feito de comer é algo indiscutibelmente necesario para a nosa vivencia.",1,"A etiqueta 1 asígnase porque o output_corrector non pode considerarse correcto xa que introduce un problema gramatical novo. Non foi posible extraer unha avaliación válida do modelo, polo que se aplica unha saída conservadora que require revisión manual."
"Na nosa sociedade, tanto o consumismo como a produtividade teñen moita importancia, xa que todas as persoas son consumidoras cando mercan algo, e detrás deste consumismo atópanse numerosas industrias encargadas da produtividade.","Na nosa sociedade, tanto o consumismo coma a produtividade teñen moita importancia, xa que todas as persoas son consumidoras cando compran algo, e detrás deste consumismo están numerosas industrias encargadas da produtividade.",1,"A etiqueta 1 asígnase porque o output_corrector non pode considerarse correcto xa que introduce un problema gramatical novo. Non foi posible extraer unha avaliación válida do modelo, polo que se aplica unha saída conservadora que require revisión manual."
"Esta situación de crise afecta directamente ao consumismo, que nos últimos anos estase reducindo como consecuencia da necesidade de aforrar.","Esta situación de crise afecta directamente o consumismo, que nos últimos anos estase reducindo como consecuencia da necesidade de aforrar.",0,O output_corrector é adecuado porque corrixiu o erro do input_corrector entre “a” e “consumismo”.
"En canto a produtividade, o descenso do consumismo tamén está provocando un leve descenso desta, observable no aumento do paro, o que tamén provoca que as familias aforren o máximo diñeiro posible por se algún dos membros queda sen traballo.","En canto á produtividade, o descenso do consumismo tamén está provocando un leve descenso dela, observable no aumento do paro, o cal tamén provoca que as familias aforren o máximo diñeiro posible por se algún deles fica sen traballo.",1,"A etiqueta 1 asígnase porque o output_corrector non pode considerarse correcto xa que introduce un problema gramatical novo. Non foi posible extraer unha avaliación válida do modelo, polo que se aplica unha saída conservadora que require revisión manual."
"Isto provoca o chamado ""círculo vicioso"", no que o consumismo e a produtividade cada vez descenden máis e nos aforramos todo o posible, o que provoca que o consumismo e a produtividade descendan, un círculo do que, hoxe en día, parece difícil saír del","Isto provoca o chamado “círculo vicioso”, no que o consumismo e a produtividade cada vez descenden máis e nos aforramos todo o posible, o que provoca que o consumismo e a produtividade descendan, un círculo do que, hoxe en día, parece difícil saír del ©",0,"O output_corrector é adecuado porque corrixiu o erro de acentuación e acentos no input_corrector, mellorando a gramática e a ortografía."
"O mundo funciona coa producción e a consumición, tanto aplicado as persoas como os animais.","O mundo funciona coa produción e a consumo, tanto aplicada ás persoas coma aos animais.",1,"A etiqueta 1 asígnase porque o output_corrector non pode considerarse correcto xa que introduce un problema gramatical novo. Non foi posible extraer unha avaliación válida do modelo, polo que se aplica unha saída conservadora que require revisión manual."
"Actualmente, a situación da crise económica, causou moitos estragos na producción e no consumismo.","Actualmente, a situación da crise económica, causou moitos estragos na produción e no consumo.",0,"O output_corrector é adecuado porque corrixiu o erro do input_corrector entre “producción” e “consumo”, que era incorrecto."
"A diminución salarial, o aumento de paro,... fai que as persoas teñan menos diñeiro, chegando a situacións de pobreza, que dificulta o consumismo provocando falta de colleitas e diminución da produción agrícola; se a iso sumámoslle o cambio climático a situación pode chegar a ser catastrófica nun futuro.","A diminución salarial, o aumento do desemprego,... fan que as persoas teñan menos cartos, chegando a situacións de pobreza, que dificulten o consumo provocando fame e diminuíndo a produción agrícola; se á iso lle sumamos o cambio climático a situación pode chegar a ser catastrófica nun futuro.",0,"O output_corrector é adecuado porque corrixiu os erros do input_corrector, como a falta de concordancia entre o suxeito e o verbo, e a falta de acentuación en palabras como “fán” e “dificulten”."
"É moi difícil atopar un caso de supervivencia sen el, sobre todo, se falamos dos países occidentais e máis desenvoltos nos que é imposible atopalos.","É moi difícil atopar un caso de supervivencia sen el, especialmente, se falamos dos países occidentais e máis desenvolvidos nos que é practicamente imposíbel atopalo.",1,"A etiqueta 1 asígnase porque o output_corrector non pode considerarse correcto xa que introduce un problema gramatical novo. Non foi posible extraer unha avaliación válida do modelo, polo que se aplica unha saída conservadora que require revisión manual."
Nos medios de comunicación son continuos os anuncios e as mensaxes que nos conlevan a consumir e a converternos plenamente nunha sociedade capitalista.,Nos medios de comunicación son continuos os anuncios e as mensaxes que nos invitan a consumir e a convertirnos plenamente nunha sociedade capitalista.,0,"O output_corrector é adecuado porque corrixiu o erro do input_corrector entre “conlevan” e “convertirnos”, cambiando a expresión para que sexa gramaticalmente correcta."
"O coñecemento, o esforzo, a cultura e o traballo duro; e non deixarnos ir polo camino que impartese só pola fama e riqueza.","O coñecemento, o esforzo, a cultura e o traballo duro; e non deixármonos ir polo camiño que impónse só pola fame e riqueza.",1,"A etiqueta 1 asígnase porque o output_corrector non pode considerarse correcto xa que introduce un problema gramatical novo. Non foi posible extraer unha avaliación válida do modelo, polo que se aplica unha saída conservadora que require revisión manual."
"Na miña opinión, ambas partes na maioría dos casos teñen a súa parte de razón, tanto pais como fillos.","Na miña opinión, ambas partes na maioría dos casos teñen a súa parte de razón, tanto pais coma fillos.",1,"A etiqueta 1 asígnase porque o output_corrector non pode considerarse correcto xa que introduce un problema gramatical novo. Non foi posible extraer unha avaliación válida do modelo, polo que se aplica unha saída conservadora que require revisión manual."
"O propósito que ten o autor con este texto e mostrarnos os problemas familiares, entre pais e os seus fillos, cando son adolescentes.","O propósito que ten o autor deste texto é mostranos os problemas familiares, entre pais e os seus fillos, cando son adolescentes.",0,"O output_corrector é adecuado porque corrixiu o erro do input_corrector, cambiando a coma por un punto e acentuando a preposición ""de"" para unha mellor comprensión."
Cando lle preguntas a un neno que quere ser de maior a maioría responde con futbolista.,Cando lle preguntas a un neno que quere ser de maior a maioría responden con futbolista.,0,O output_corrector é adecuado porque solucionou o erro do input_corrector entre “responde” e “futbolista”.
"Mentres tanto os medicos, os cales traballaron duramente para chegar a onde estan (moitos máis que calquer futbolista) cuns estudios avanzados, non ganan nin a mitade que algúns destes deportistas e son moito máis irrecoñecidos (existindo futbolistas que non teñen nin a ESO).","Mentres tanto os médicos, os cales traballaron arduamente para chegar a onde están (moitos máis ca ningún futbolista) cunos estudos avanzados, non gañan nin á metade do que gañarán algúns deses deportistas e son moito menos recoñecibles (existiendo futbolistas que nin sequera remataron o ensino secundario obrigatorio).",0,"O output_corrector é adecuado porque corrixiu os erros do input_corrector, mellorando a gramática e a corrección."
O mesmo pasa cos rapaces ao ver ao seu correspondente equipo xogar pola televisión.,O mesmo pasa cos rapaces ao ver o seu correspondente equipo xogar pola televisión.,0,O output_corrector é adecuado porque corrixiu o erro do input_corrector entre “ao” e “seu”.
"É moi triste a forma actual de educar aos adolescentes en liñas xerais, pois penso que as recompensas deberían ir precedidas dalgún esforzo, como ocurre normalmente.","É moi triste a forma actual de educar ós adolescentes en liñas xerais, pois penso que as recompensas deberían ir precedidas dun esforzo, coma ocorre normalmente.",1,"A etiqueta 1 asígnase porque o output_corrector non pode considerarse correcto xa que introduce un problema gramatical novo. Non foi posible extraer unha avaliación válida do modelo, polo que se aplica unha saída conservadora que require revisión manual."
"A televisión xa véndenos a parte boa da situación como, por exemplo, un fichaje de fútbol por millóns de euros ou un desfile dun modelo no que gaña moito diñeiro.","A televisión xa nos vénde a parte boa da situación coma, por exemplo, un ficheixe de fútbol por millóns de euros ou un desfiles dun modelo no que gañe moito diñeiro.",1,"A etiqueta 1 asígnase porque o output_corrector non pode considerarse correcto xa que introduce un problema gramatical novo. Non foi posible extraer unha avaliación válida do modelo, polo que se aplica unha saída conservadora que require revisión manual."
Esta situación que estase a dar no texto seguramente pasoulle a calquer nai o pai que vivan xuntos xa que moitas veces por exemplo teño preguntado a miña nai se podía comprar algo é como me dicía que non ía onde estivera meu pai a a preguntarllo a él.,"Esta situación que se está a dar no texto seguramente pasou a calquera nai ou pai que viven xuntas xa que moitas veces, por exemplo, tiven que preguntarlle á miña nai se podía mercar algo e ela respondíame que non ía onde estivese o meu pai para lle preguntarllo a el.",0,"O output_corrector é adecuado porque corrixiu os erros do input_corrector, como a falta de concordancia entre o suxeito e o verbo, e a falta de acentos nos artigos e pronomes."
"Moitos deportistas, ademais, recoñecen que case non teñen estudos e chegaron ahí unicamente porque a alguén gustoulle como xogaba a ese deporte.","Moito deportista, ademais, recoñece que case non ten estudos e chegou aí unicamente porque a alguén lle gustaba como xogara a ese deporte.",1,"A etiqueta 1 asígnase porque o output_corrector non pode considerarse correcto xa que introduce un problema gramatical novo. Non foi posible extraer unha avaliación válida do modelo, polo que se aplica unha saída conservadora que require revisión manual."
"Respecto aos conflitos familiares, dou por sentado que este conflito trátase de que a nai de Vanesa non lle deu diñeiro para comprar roupa ou que non lle deixou ir a comprala; polo que chamou ao pai.","Respectaos conflitos familiares, dou por suposto que este conflito trata de que a nai de Vanessa non lle deu cartos para mercar roupa ou que non lle permitiu saír a mercala; polo tanto, chamou o seu pai.",1,"A etiqueta 1 asígnase porque o output_corrector non pode considerarse correcto xa que introduce un problema gramatical novo. Non foi posible extraer unha avaliación válida do modelo, polo que se aplica unha saída conservadora que require revisión manual."
"Por outra banda, a autora expón que na actualidade podese atopar xente galega destacando en diferentes campos culturais.","Por outra parte, a autora expón que na actualidade podemos encontrar xente galega destacando en diversos campos culturais.",0,"O output_corrector é adecuado porque corrixiu o erro do input_corrector, cambiando “Por outra banda” por “Por outra parte”, e “podese” por “podemos”, o que mellora a corrección gramatical e a claridade da oración."
"A autora neste texto pretende mostrar que hoxe en día sábese moito das celebridades e dos famosos, sobre todo se o seu comportamento non é o máis axeitado pero descoñécese moitas cousas que teñen que ver coa cultura, son cousas que parece que a ninguén lle interesan.","A autora deste texto pretende mostrar que hoxe en día sabémolo moito das celebridades e dos famosos, especialmente se o seu comportamento non é o máis axeitado mais descoñecemos moitas cousas que teñen que ver coa cultura, son cousas que parecen que a ninguén lles interesa.",1,"A etiqueta 1 asígnase porque o output_corrector non pode considerarse correcto xa que introduce un problema gramatical novo. Non foi posible extraer unha avaliación válida do modelo, polo que se aplica unha saída conservadora que require revisión manual."
"Outro punto a resaltar sería que os pais no deberían deixar que a rapaza fixese o que ela queira, xa que ese tipo de problemas familiares danse ao deixar aos fillos facer o que queiran sen impoñer ningún límite.","Outro punto a resaltar sería que os pais non deberían deixar que a rapaza fixese o que ela queira, xa que ese tipo de problemas familiares danse ao deixar aos fillos facer o que queiran sen impor ningún límite.",1,"A etiqueta 1 asígnase porque o output_corrector non pode considerarse correcto xa que introduce un problema gramatical novo. Non foi posible extraer unha avaliación válida do modelo, polo que se aplica unha saída conservadora que require revisión manual."
"Eu tamén teño problemas, debido a que faltame conversas con eles, ademais de estar todo o día co móbil xogando a videoxogos, ainda que poderían ser xogos interactivos.","Eu tamén teño problemas, debido a que me faltan conversas con elas, ademais de estar todo o día co móbil xogando a videoxogos, aínda que poderían ser xogos interactivos.",1,"A etiqueta 1 asígnase porque o output_corrector non pode considerarse correcto xa que introduce un problema gramatical novo. Non foi posible extraer unha avaliación válida do modelo, polo que se aplica unha saída conservadora que require revisión manual."
Xa que a outra persoa poderíalle sentar mal.,Xa que a outra persoa podería sentírselle mal.,0,"O output_corrector é adecuado porque corrixiu o erro do input_corrector entre “poderíalle” e “sentar”, cambiándoo por “podería” e “sentírselle”."
"Por sorte, esta etapa ""do pavo"", non dura moito más lonxe que os 18 anos, cando dámonos conta de que os nosos pais só queren o mellor para nós, e volvemos a sentirnos comprendidos.","Por sorte, esta etapa « do pavo », non dura moito máis alá dos 18 anos, cando damos conta de que os nosos pais só queren o mellor para nós, e volvese a sentirnos comprendidos.",1,"A etiqueta 1 asígnase porque o output_corrector non pode considerarse correcto xa que introduce un problema gramatical novo. Non foi posible extraer unha avaliación válida do modelo, polo que se aplica unha saída conservadora que require revisión manual."
"Cren que teñen máis poder sobre os demáis membros e que son eles os que mandan, por iso orixínanse este tipo de disputas.","Cren que teñen máis poder sobre os demais membros e que son eles os que mandan, por iso orixínanse este tipo de disputas.",0,O output_corrector é adecuado porque corrixiu o erro do input_corrector entre “demáis” e “membros”.
"Deste xeito, é unha locura dicir que aqueles que están na súa infancia so queren ser futbolistas ou modelos xa que basta con preguntarlle a cinco nenos que queren ser de maiores para que un digache astronauta, outro bombeiro, outros dous digan superheroe e o quinto pense en ser actriz ou actor.","Deste xeito, é unha loucura dicir que aqueles que están na súa infancia só queren ser futbolistas ou modelos xa que abonda con preguntarlle a cinco nenos que queren ser de maiores para que un diga astronauta, outro bombeiro, outros dous digan superheroe e o quinto pense en ser actriz ou actor.",0,"O output_corrector é adecuado porque corrixiu os erros de concordancia verbal e de concordancia de número entre os verbos e os suxeitos, así como os erros de concordancia de xénero entre os suxeitos e os verbos."
"Principalmente cando dí que os xóvenes non pensamos mais cá no diñeiro fácil, na comodidade ou en ser futbolistas e modelos.","Principalmente cando di que os mozos non pensamos máis ca no diñeiro fácil, na comodidade ou en ser futbolistas e modelos.",0,O output_corrector é adecuado porque corrixiu o erro do input_corrector entre “dí” e “que”.
Ademáis disto estas figuras públicas defenden moitas veces modelos de comportamento sexista e sen conciencia.,Ademais destas figuras públicas defienden moitos modelos de comportamento sexistas e sen consciencia.,0,"O output_corrector é adecuado porque corrixiu o erro do input_corrector entre “Ademáis” e “desto”, e tamén corrixiu a forma verbal e o uso de “sen” en lugar de “sin”."
"Pensan que eles o saben todo e que os seus pais só os queren molestar e que nunca, baixo ningún concepto éstes teñen a razón.","Pensan que eles o saben todo e que os seus pais só os queren molestar e que nunca, baixo ningún concepto, éstes teñen a razón.",0,"O output_corrector é adecuado porque corrixiu o erro de puntuación e a falta de acento no final da oración, o que mellora a gramática e a clareza do texto."
Obsesionarse con ter o mellor físico ou con ser o que marca máis goles para resaltar sí é perxudicial.,Obsesionarse por ter o mellor físico ou por ser quen marque máis goles para destacar si é prexudicial.,1,"A etiqueta 1 asígnase porque o output_corrector non pode considerarse correcto xa que introduce un problema gramatical novo. Non foi posible extraer unha avaliación válida do modelo, polo que se aplica unha saída conservadora que require revisión manual."
"En conclusión, é tarefa e responsabilidade de todos revertir esta situación, educando ós nosos fillos con sensibilidade e en igualdade, apoiando ademáis iniciativas que acerquen a educación a todas as clases sociais e non a convirtan nun luxo ao alcance de poucos.","En conclusión, é tarefa e responsabilidade de todos reverter esta situación, educando aos nosos fillos con sensibilidade e en igualdade, apoiando ademais iniciativas que acheguen a educación a todas as clases sociais e non á converta nunha luxuosa para uns cantos.",0,"O output_corrector é adecuado porque corrixiu o erro do input_corrector, cambiando “reverter” por “reverter esta situación” e “ademáis” por “ademais”, e corrixindo a gramática para que sexa correcta."
"A todo o mundo lle gusta o deporte e ter un bó físico pero é complicado chegar a xogar ao futbol profesionalmente, ainda que a quén non lle gustaría gañar mais diñeiro so facendo deporte e xogar con outros grandes xogadores de futbol.","A todo o mundo lle gusta o deporte e ter un bo físico pero é complicado chegar a xogar ao fútbol profesionalmente, aínda que á quen non lle gustaría gañar máis cartos só facendo deporte e xogando cos outros grandes xogadores do fútbol.",0,"O output_corrector é adecuado porque corrixiu os erros do input_corrector, como a falta de acentos, a ortografía incorrecta e a gramática inapropiada."
"Sí, digo fogares porque aunque únicamente viva alí un adolescente, afecta a toda a familia.","Sí, digo fogares porque aínda que unicamente viva aí un adolescente, afecta a toda a familia.",0,"O output_corrector é adecuado porque corrixiu o erro do input_corrector, cambiando a expresión incorrecta “aunque” por “aínda que”, que é a forma correcta de expresar a idea."
"Os adolescentes, tanto mozos como mozas, están nunha etapa de transición de rapaces a mulleres e homes, polo que ás veces non se entenden nin sequera a sí mesmos.","Os adolescentes, tanto mozos coma mozas, están nunha etapa de transición de rapazas a mulleres e homes, polo que ás veces non se entenden nin sequera a si mesmos.",1,"A etiqueta 1 asígnase porque o output_corrector non pode considerarse correcto xa que introduce un problema gramatical novo. Non foi posible extraer unha avaliación válida do modelo, polo que se aplica unha saída conservadora que require revisión manual."
"Tendo en conta o sistema de producción e de saída ao mundo laboral, as persoas teñen que saber aforrar os seus cartos para a súa hipotética jubilación.","Tendo en conta o sistema de produción e de saída ao mundo laboral, as persoas teñen que saber aforrar os seus cartos para a súa hipotética xubilación.",1,"A etiqueta 1 asígnase porque o output_corrector non pode considerarse correcto xa que introduce un problema gramatical novo. Non foi posible extraer unha avaliación válida do modelo, polo que se aplica unha saída conservadora que require revisión manual."
"Por exemplo, no caso dos animais, temos os organismos productores (prantas e algas) que proporcionan oxíxeno e alimento para que os consumidores primarios se beneficien e así sucesivamente.","Por exemplo, nos casos dos animais, temos os organismos produtores (plantas e algas) que proporcionan oxi...",1,"A etiqueta 1 asígnase porque o output_corrector non pode considerarse correcto xa que introduce un problema gramatical novo. Non foi posible extraer unha avaliación válida do modelo, polo que se aplica unha saída conservadora que require revisión manual."
"Estamos bombardeados continuamente de publicidad que si por unha parte informan dos novos servizos, empresas e productos por outra crean necesidades, en moitos casos absurdas.","Estamos bombardeados continuamente de publicidade que, por unha banda, nos informa sobre novos servizos, empresas e produtos; pero, pola outra, crea necesidades, moitas veces innecesarias.",0,"O output_corrector é adecuado porque corrixiu os erros do input_corrector, como a falta de acentos e a gramática incorrecta, e mellorou a clareza da oración."
Esta nova no mercado crea grandes cambios no mundo da producción.,Esta nova no mercado crea grandes cambios no mundo da produción.,0,"O output_corrector é adecuado porque corrixiu o erro do input_corrector entre “producción” e “producción”, que era incorrecto."
"Tódalas persoas somos consumistas xa que dende que nacemos estamos continuamente comprando artículos xa sexan dedicados á nosa alimentación, ao noso vestiario, ao noso pracer e ocio etc. Pero poucas veces pensamos que para consumir eses productos que nos tanto queremos ten que haber alguén que previamente os producise.","Tódalas persoas somos consumistas xa que dende que nacemos estamos continuamente comprando artigos xa sexan dedicados á nosa alimentación, ao noso vestiario, ao noso pracer e ocio etc. Pero poucas veces pensamos que para consumir eses produtos que nos tantísimo queremos ter que haxa alguén que previamente os produza.",0,"O output_corrector é adecuado porque corrixiu os erros do input_corrector, como a falta de acentos nos artigos e a ortografía incorrecta de “productos” e “previamente”."
O consumo na actualidade está moi fixado polo precio dos productos e a competencia entre as diversas marcas que ofertan un servizo ou material do mesmo tipo.,O consumo na actualidade está moi fixado polo prezo dos produtos e a competencia entre as diversas marcas que ofrecen un servizo ou material do mesmo tipo.,0,"O output_corrector é adecuado porque corrixiu o erro do input_corrector entre “productos” e “prezo”, que era incorrecto."
"Os prezos tamén están moi relacionados coa produción xa que dependendo das materias primas, da maquinaria, da man de obra etc. utilizada na elaboración do instrumento; ese producto tera un determinado prezo.","Os prezos tamén están moi relacionados coa produción xa que dependendo das materias primas, da maquinaria, da man de obra etc. utilizadas na elaboración do instrumento; ese produto terá un determinado prezo.",0,"O output_corrector é adecuado porque corrixiu o erro do input_corrector, cambiando “producto” por “produto” e corrixindo a gramática para reflectir a corrección do significado."
"Polo tanto, deberiamos pensalo moito antes de seguir gastando tantos cartos nelas, o consumismo non é beneficioso, moitas veces é mellor mercar un producto máis caro só polo feito de ter a certeza de que a súa fabricación é lícita.","Polo tanto, deberíamos pensalo moito antes de seguir gastando tantos cartos nelas, o consumismo non é beneficioso, moitas veces é mellor mercar un produto máis caro só polo feito de ter a certeza de que a súa fabricación é lícita.",0,"O output_corrector é adecuado porque corrixiu o erro do input_corrector entre “producto” e “más caro”, cambiando a forma incorrecta de “producto” por “produto”."
A sua vez no noso día a día derrochamos moitísimos cartos en productos inservibles.,A súa vez no noso día a día derramos moitos cartos en produtos inútiles.,0,"O output_corrector é adecuado porque corrixiu o erro do input_corrector entre “productos” e “inservibles”, cambiando a forma incorrecta por outra correcta."
"Móstrannos o producto a vender como algo que mellorará enormemente a nosa calidade de vida, e conseguen que nós creamos isto, aínda que en verdade saibamos que nos están a enganar, e nós facemoslles caso e axiña imos a adquirir o que nos ofrecen.","Mórannos o produto a vender coma algo que melloraría moito a nosa calidade de vida, e conseguen que nós créramos iso, malia sabermos que nos estaban a enganar, e nós facémoslle caso e pronto mercaríamos o que nos ofertan.",0,"O output_corrector é adecuado porque corrixiu os erros do input_corrector, como a falta de acento en “móstrannos” e “facemoslles”, e a incorrección gramatical en “aínda que en verdade saibamos que nos están a enganar”."
"Pero para pagar por elas, deberase convertir tamén en productor, e en ocasións usará o método de anunciar e enganar a xente, o mesmo que usaron con el, para enriquecerse cada vez máis e consumir en maior cantidade, entrando así no ciclo do consumismo.","Pero para pagar por elas, deberás convertérte tamén en produtor, e en ocasións usarás o método de anunciar e enganar á xente, igual que eles fixeron contigo, para enriquecerte cada vez máis e consumir en maior cantidade, entrando así no ciclo do consumismo.",0,"O output_corrector é adecuado porque corrixiu os erros do input_corrector, como a falta de acento en “productor” e “produtor”, e a falta de acento en “enganar” e “enganar”, e tamén a falta de acento en “consumir” e “consumir”."
Na actualidade producense moitos conflictos entre pais e fillos.,Na actualidade prodúcense moitos conflitos entre pais e fillos.,1,"A etiqueta 1 asígnase porque o output_corrector non pode considerarse correcto xa que introduce un problema gramatical novo. Non foi posible extraer unha avaliación válida do modelo, polo que se aplica unha saída conservadora que require revisión manual."
"Na miña opinión, o conflicto que reflicte o texto é moi común entre adolescentes e os seus pais.","Na miña opinión, o conflito que reflicte o texto é moi común entre adolescentes e os seus pais.",1,"A etiqueta 1 asígnase porque o output_corrector non pode considerarse correcto xa que introduce un problema gramatical novo. Non foi posible extraer unha avaliación válida do modelo, polo que se aplica unha saída conservadora que require revisión manual."
Por iso é un dos motivos polos que os pais na súa casa teñen conflictos.,Por iso é un dos motivos polo que os pais na súa casa teñen conflitos.,1,"A etiqueta 1 asígnase porque o output_corrector non pode considerarse correcto xa que introduce un problema gramatical novo. Non foi posible extraer unha avaliación válida do modelo, polo que se aplica unha saída conservadora que require revisión manual."
Este tipo de conflictos familiares son habituais.,Este tipo de conflitos familiares son habituais.,1,"A etiqueta 1 asígnase porque o output_corrector non pode considerarse correcto xa que introduce un problema gramatical novo. Non foi posible extraer unha avaliación válida do modelo, polo que se aplica unha saída conservadora que require revisión manual."
"A mala comunicación, a agresividade, a falta de comunicación son algúns dos problemas que poden facer que unha familia teña conflictos.","A mala comunicación, a agresividade, a falta de comunicación son algúns dos problemas que poden facer que unha familia teña conflitos.",1,"A etiqueta 1 asígnase porque o output_corrector non pode considerarse correcto xa que introduce un problema gramatical novo. Non foi posible extraer unha avaliación válida do modelo, polo que se aplica unha saída conservadora que require revisión manual."
"Así, no mundo actual, terriblemente influenciado polos medios de comunicación e as redes sociais, os nosos modelos de conducta na mocidade proporciónansenos ""en serie"": seguindo un canon que, ademais perpetúa na gran maioría dos casos os tóxicos roles de xénero tradicionais.","Así, no mundo actual, terriblemente influenciado polos medios de comunicación e as redes sociais, os nosos modelos de conduta na mocidade proporcionánsenos «en serie»: seguindo un canon que, ademais perpetua na gran maioría dos casos os tóxicos roles de xénero tradicionais.",0,O output_corrector é adecuado porque corrixiu o erro de pluralización de «conducta» a «conduta» e o uso de comillas para indicar unha expresión entre paréntesis.
"Na miña opinión, o conflicto do texto é normal e ese tipo de discusións deixan de ocorrer co paso do tempo.","Na miña opinión, o conflito do texto é normal e ese tipo de discusións deixan de producirse co paso do tempo.",1,"A etiqueta 1 asígnase porque o output_corrector non pode considerarse correcto xa que introduce un problema gramatical novo. Non foi posible extraer unha avaliación válida do modelo, polo que se aplica unha saída conservadora que require revisión manual."
"Nun mundo e nunha sociedade onde a información están ao alcance da maioría das persoas, vivimos practicamente desinformados.","Nun mundo e nunha sociedade onde a información está ao alcance da maioría das persoas, vivimos practicamente desinformados.",0,O output_corrector é adecuado porque corrixiu o erro de pluralización de “información” e o erro de concordancia entre o suxeito e o verbo.”
"Hai casos extremos nos que se chega a violencia física, e son neste tipo de casos nos que hai que actuar con rapidez e non deixalo pasar.","Hai casos extremos nos que se chega á violencia física, e son nestes tipos de casos nos que hai que actuar con rapidez e non deixalos pasar.",1,"A etiqueta 1 asígnase porque o output_corrector non pode considerarse correcto xa que introduce un problema gramatical novo. Non foi posible extraer unha avaliación válida do modelo, polo que se aplica unha saída conservadora que require revisión manual."
Non hai que fixase neses traballos que en moitos casos non se pode realizar por algunha causa ou condición física.,Non hai que fixar eses traballos...,1,"A etiqueta 1 asígnase porque o output_corrector non pode considerarse correcto xa que introduce un problema gramatical novo. Non foi posible extraer unha avaliación válida do modelo, polo que se aplica unha saída conservadora que require revisión manual."
"A educación que se lle da aos adolescentes ás veces non e a adecuada pero non é ese o único factor que afecta ao comportamento dun adolescente, as compañías coas que anda e a súa personalidade tamén.","A educación que se lles dá aos adolescentes ás veces non é a adecuada pero non é ese o único factor que afecta ao comportamento dun adolescente, as compañías coas que andan e a súa personalidade tamén.",0,"O output_corrector é adecuado porque corrixiu o erro do input_corrector entre “da” e “aos adolescentes”, e tamén corrixiu a falta de acento en “non é”."
Os conflitos entre pais e fillos adolescentes é algo moi frecuente na sociedade actual.,Os conflitos entre pais e fillos adolescentes son algo moi frecuente na sociedade actual.,1,"A etiqueta 1 asígnase porque o output_corrector non pode considerarse correcto xa que introduce un problema gramatical novo. Non foi posible extraer unha avaliación válida do modelo, polo que se aplica unha saída conservadora que require revisión manual."
"Hoxe en día, penso que os problemas entre pais e fillos é moito maior que anos atrás, xa que a día de hoxe, maduran antes os adolescentes, teñen afán de liberdade, de ser independentes e de que os pais os deixen en paz.","Hoxe en día, penso que os problemas entre pais e fillos son moito maiores ca hai uns anos, xa que a día de hoxe, maduran antes os adolescentes, teñen máis afán de liberdade, independencia e de que os seus pais lles deixen en paz.",0,"O output_corrector é adecuado porque corrixiu os erros do input_corrector, como a falta de concordancia entre o suxeito e o verbo, e a falta de acentuación nos artigos e pronomes."
"Fixamos a nosa atención, e construímos a nosa vida en base a superficialidades.","Fixemos a nosa atención, e construímos a nosa vida en base ás superficiais",1,"A etiqueta 1 asígnase porque o output_corrector non pode considerarse correcto xa que introduce un problema gramatical novo. Non foi posible extraer unha avaliación válida do modelo, polo que se aplica unha saída conservadora que require revisión manual."
"É dicir, son problemas que derivan da educación que reciba a persoa, pero tamén, son habituais en case tódalas casas.","É dicir, son problemas que derivan da educación que reciban as persoas, pero tamén, son frecuentes en case tódolos fogares.",1,"A etiqueta 1 asígnase porque o output_corrector non pode considerarse correcto xa que introduce un problema gramatical novo. Non foi posible extraer unha avaliación válida do modelo, polo que se aplica unha saída conservadora que require revisión manual."
"Está claro que hoxe por hoxe queda moito mellor dicir que queres ser xogador dun equipo de primeira que por exemplo médico, cirurxian, ou escritor.","Está claro que hoxe por hoxe queda moito mellor dicir que queres ser xogador dun equipo de primeira que por exemplo médico, ciruxano ou escritor.",1,"A etiqueta 1 asígnase porque o output_corrector non pode considerarse correcto xa que introduce un problema gramatical novo. Non foi posible extraer unha avaliación válida do modelo, polo que se aplica unha saída conservadora que require revisión manual."
.,Corrixe a seguinte frase:,1,"A etiqueta 1 asígnase porque o output_corrector non pode considerarse correcto xa que introduce un problema gramatical novo. Non foi posible extraer unha avaliación válida do modelo, polo que se aplica unha saída conservadora que require revisión manual."
.,Corrixe a seguinte frase:,1,"A etiqueta 1 asígnase porque o output_corrector non pode considerarse correcto xa que introduce un problema gramatical novo. Non foi posible extraer unha avaliación válida do modelo, polo que se aplica unha saída conservadora que require revisión manual."
"Neste caso que se mostra no texto, pola miña parte, entendo que Mariano, o pai, se enfadara cando a súa filla o chamou estando el traballando, pero por outro lado, tamén me poño no corpo da rapaza, e non creo que escoitar esas palabras de seu pai, fose moi agradable.","Neste caso que se mostra no texto, pola miña parte, entendo que Mariano, o pai, se enfadara cando a súa filla o chamou estando el traballando, mais por outro lado, tamén me poño no corpo da rapaza, e non creo que escoitar esas palabras de seu pai, sería moi agradable.",1,"A etiqueta 1 asígnase porque o output_corrector non pode considerarse correcto xa que introduce un problema gramatical novo. Non foi posible extraer unha avaliación válida do modelo, polo que se aplica unha saída conservadora que require revisión manual."
"Na miña opinión, os pais deixan que os fillos fagan o que queiran desde moi pequenos, acostumanos moi mal dándolles todo o que lles piden e non saben dicir ""NON"".","Na miña opinión, os pais deixan que os fillos fagan o que queren dende moi pequenos, acostúmanos moi ben dándoos todo o que lles piden e non saben dicir ""non"".",1,"A etiqueta 1 asígnase porque o output_corrector non pode considerarse correcto xa que introduce un problema gramatical novo. Non foi posible extraer unha avaliación válida do modelo, polo que se aplica unha saída conservadora que require revisión manual."
"Pero por outra banda, creo que nosos pais deberían entendernos, eles moi posiblemente pasaron por algo similar, aínda que fosen outros tempos.","Pero por outra banda, creo que nosos pais deberían entendernos, eles moi seguramente pasaron por algo semellante, aínda que fosen outros tempos.",1,"A etiqueta 1 asígnase porque o output_corrector non pode considerarse correcto xa que introduce un problema gramatical novo. Non foi posible extraer unha avaliación válida do modelo, polo que se aplica unha saída conservadora que require revisión manual."
"No 60 % destas discusions a culpa é dos fillos, ben por pedir algo fora do seu alcance ou ben pola súa tozudez.","No 60% destas discusións a culpa é dos fillos, ben por pedir algo fóra do seu alcance ou ben pola súa tozudez.",1,"A etiqueta 1 asígnase porque o output_corrector non pode considerarse correcto xa que introduce un problema gramatical novo. Non foi posible extraer unha avaliación válida do modelo, polo que se aplica unha saída conservadora que require revisión manual."
"Centrémonos primeiro, a adolescencia é unha idade moi complicada, porque os nenos que eran empezan a crecer e a ter as súas propias ideas.","Centrémonos primeiro, a adolescencia é unha idade moi complicada, porque os nenos comezan a medrar e a ter as súas propias ideas.",1,"A etiqueta 1 asígnase porque o output_corrector non pode considerarse correcto xa que introduce un problema gramatical novo. Non foi posible extraer unha avaliación válida do modelo, polo que se aplica unha saída conservadora que require revisión manual."
"Aínda que nos tempos antigos non houbera nada diso, pola maneira de educar que tiñan.","Aínda que nos tempos antigos non había nada diso, pola maneira de educar que tiñan.",0,O output_corrector é adecuado porque corrixiu o erro de plural de “houbera” por “había”.
"Na miña opinión todo vai no xeito de como ver a vida, o que pretendemos todos é ser felices e disfrutar da vida.","Na miña opinión todo vai no camiño de como vemos a vida, o que pretendemos todos é ser felices e gozar da vida.",1,"A etiqueta 1 asígnase porque o output_corrector non pode considerarse correcto xa que introduce un problema gramatical novo. Non foi posible extraer unha avaliación válida do modelo, polo que se aplica unha saída conservadora que require revisión manual."
"Todos eses rapaces, chegado o momento tamén se darán conta, ademais cada ano temos mais persoas con estudos superiores, polo que non creo que teñamos tal ermo cultural.","Todos eses rapaces, chegado o momento tamén se darán conta, ademais cada ano temos máis persoas con estudos superiores, polo que non creo que teñamos tal ermo cultural.",1,"A etiqueta 1 asígnase porque o output_corrector non pode considerarse correcto xa que introduce un problema gramatical novo. Non foi posible extraer unha avaliación válida do modelo, polo que se aplica unha saída conservadora que require revisión manual."
"Eu entendo que os fillos queren sempre ter as mellores cousas, pero na miña opinión teñen razón os pais, estamos demasiado mimados e aínda encima se estamos nun país con crise, non podemos ter de todo.","Eu entendo que os fillos queren sempre ter as mellores cousas, mais na miña opinión están equivocados os pais, porque estamos demasiado mimados e ademais se vivimos nun país cunha grave crise económica, non debemos ter de todo.",0,"O output_corrector é adecuado porque corrixiu os erros do input_corrector, mellorando a gramática e a sintaxe."
"Quen non coñece a Pitagoras, Platon, Aristoteles.","Quen non coñeza a Pitágoras, Platón ou Aristóteles",0,"O output_corrector é adecuado porque corrixiu os erros do input_corrector, mellorando a gramática e a ortografía."
Agora o que eu penso é o seguinte.,Agora o que eu penso é o seguinte.,1,"A etiqueta 1 asígnase porque o output_corrector coincide co input_corrector, pero o corrector non resolveu o problema presente na entrada. Non foi posible extraer unha avaliación válida do modelo, polo que se aplica unha saída conservadora que require revisión manual."
En conclusión.,En conclusión,1,"A etiqueta 1 asígnase porque o output_corrector non pode considerarse correcto xa que introduce un problema gramatical novo. Non foi posible extraer unha avaliación válida do modelo, polo que se aplica unha saída conservadora que require revisión manual."
Un neno sempre quererá ser aquilo que lle guste e lle proporcione o que ve que teñen os que traballan dese mesmo soño.,Un neno sempre querrá ser aquilo que lle guste e lle proporcione o que ve que teñen os que traballan dese mesmo soño.,1,"A etiqueta 1 asígnase porque o output_corrector non pode considerarse correcto xa que introduce un problema gramatical novo. Non foi posible extraer unha avaliación válida do modelo, polo que se aplica unha saída conservadora que require revisión manual."
"A sociedade necesita un cambio nos valores que hai que ensinar aos nenos, e que nós debemos impartir.","A sociedade precisa un cambio nos valores que hai que ensinar ós nenos, e que nós debemos impoñerlles.",1,"A etiqueta 1 asígnase porque o output_corrector non pode considerarse correcto xa que introduce un problema gramatical novo. Non foi posible extraer unha avaliación válida do modelo, polo que se aplica unha saída conservadora que require revisión manual."
"Por exemplo, no mundo do deporte, tan só se lle da importancia ó sector do fútbol, outros moitos logros como o de Mireia Belmonte no ámbito da natación non teñen o mesmo valor.","Por exemplo, no mundo do deporte, tan só se lle dá importancia ó sector do fútbol, outros moitos logros coma o de Mireia Belmonte no ámbito da natación non teñen o mesmo valor.",1,"A etiqueta 1 asígnase porque o output_corrector non pode considerarse correcto xa que introduce un problema gramatical novo. Non foi posible extraer unha avaliación válida do modelo, polo que se aplica unha saída conservadora que require revisión manual."
"A sociedade sempre estivo influenciada polas modas de cada tempo, agora tocan as modelos e os futbolistas.","A sociedade sempre estivo influenciada polas modas de cada tempo, agora tocan ás modelos e aos futbolistas.",1,"A etiqueta 1 asígnase porque o output_corrector non pode considerarse correcto xa que introduce un problema gramatical novo. Non foi posible extraer unha avaliación válida do modelo, polo que se aplica unha saída conservadora que require revisión manual."
"Paralelamente, as modelos e os futbolistas unicamente dan unha imaxe errónea do que é a vida, mostran vidas de luxo, casas espectaculares e viaxes a lugares que namoran.","Paralelamente, as modelos e os futbolistas unicamente dan unha imaxe errónea do que é a vida; mostran vidas de luxo, casas espectaculares e viaxes a lugares que namoran.",0,"O output_corrector é adecuado porque corrixiu o erro do input_corrector, cambiando a coma por un punto e coma para separar as frases."
"Na actualidade, o tema da roupa é cada vez un conflito maior entre os pais e os seus fillos.","Na actualidade, o tema da roupa é cada vez un conflito maior entre os pais e os seus fillos.",1,"A etiqueta 1 asígnase porque o output_corrector coincide co input_corrector, pero o corrector non resolveu o problema presente na entrada. Non foi posible extraer unha avaliación válida do modelo, polo que se aplica unha saída conservadora que require revisión manual."
Pero non só é o tema da roupa un conflito entre os pais e os seus fillos adolescentes.,Pero non só é o tema da roupa un conflito entre os pais e os seus fillos adolescentes.,1,"A etiqueta 1 asígnase porque o output_corrector coincide co input_corrector, pero o corrector non resolveu o problema presente na entrada. Non foi posible extraer unha avaliación válida do modelo, polo que se aplica unha saída conservadora que require revisión manual."
Nos pobos e cidades hai equipos de fútbol para nenos xa dende os 3 anos.,Nos pobos e cidades hai equipos de fútbol para nenos xa desde os tres anos.,0,O output_corrector é adecuado porque corrixiu o erro de pluralidade entre “pobos” e “cidades” e o erro de concordancia entre “equipo” e “nenos”.
Ditos comportamentos comezan cada vez a máis temprana idade.,Ditos comportamentos comezan cada vez a unha máis temprana idade.,0,"O output_corrector é adecuado porque corrixiu o erro do input_corrector, cambiando a forma incorrecta de “a máis temprana idade” por “a unha máis temprana idade”."
"A adolescencia é unha etapa da vida que dura máis ou menos dende os 14 ata os 18 anos, aunque na maioría tarde hasta os vinte e pico.","A adolescencia é unha etapa da vida que dura máis ou menos desde os 14 até os 18 anos, aínda que na maior parte tarda até os vinte e poucos.",0,"O output_corrector é adecuado porque corrixiu o erro do input_corrector, que incluía unha expresión incorrecta en español e un erro de tradución."
Con todo isto a cultura queda sobrevalorada ata o xeito de desprezo.,Con todo este a cultura queda sobrevalorizada ata o xeito de desprezo.,1,"A etiqueta 1 asígnase porque o output_corrector non pode considerarse correcto xa que introduce un problema gramatical novo. Non foi posible extraer unha avaliación válida do modelo, polo que se aplica unha saída conservadora que require revisión manual."
Por iso moitos nenos as veces fan signo de rebeldía para chamar a atención dos pais.,Por iso moitos nenos ás veces fan o sinal da rebelión para chamar a atención dos seus pais.,0,"O output_corrector é adecuado porque corrixiu o erro do input_corrector, cambiando “signo de rebeldía” por “sinal da rebelión” e “as veces” por “ás veces”."
Persoalmente teño opinións atopadas e poa contra estou en desacordo con ela.,Persoalmente teño opinións encontradas e podo estar en desacordo con ela.,0,"O output_corrector é adecuado porque corrixiu o erro do input_corrector entre “atopadas” e “poa”, cambiando a forma correcta de expresar a idea."
"Por moitas gañas que teñas de ser futbolista, antes están os teus estudos e a túa formación cultural e intelectual, xa que non todos nacen con ese mati ou con esa habilidade.","Por moitas ganas que teñas de ser futbolista, antes están os teus estudos e a túa formación cultural e intelectual, xa que non todos nacen con ese matiz ou coa mesma habilidade.",1,"A etiqueta 1 asígnase porque o output_corrector non pode considerarse correcto xa que introduce un problema gramatical novo. Non foi posible extraer unha avaliación válida do modelo, polo que se aplica unha saída conservadora que require revisión manual."
Isto crea que moitos rapaces abandonen os estudos coa ilusión de ser coma eses ídolos que pouco máis saben que ler ou escribir.,Isto crea que moitos rapaces abandonan os estudos coa ilusión de ser coma eses ídolos que pouco máis saben que ler ou escribir.,1,"A etiqueta 1 asígnase porque o output_corrector non pode considerarse correcto xa que introduce un problema gramatical novo. Non foi posible extraer unha avaliación válida do modelo, polo que se aplica unha saída conservadora que require revisión manual."
Non marco especial interese polo exemplo do galego pero si entendo a súa idea principal.,Non marquei ningún especial interese polo exemplo do galego pero si entendo a súa idea principal.,0,"O output_corrector é adecuado porque corrixiu o erro do input_corrector entre “marco” e “marquei”, cambiando a forma verbal para concordar co suxeito.”"
Rexeita que os medios de comunicación e información non se centren en informar sobre a cultura galega e os feitos que acontecen actualmente o redor desta.,Rexeita que os medios de comunicación e información non se centren en informar sobre a cultura galega e os feitos que acontecen actualmente arredor dela.,1,"A etiqueta 1 asígnase porque o output_corrector non pode considerarse correcto xa que introduce un problema gramatical novo. Non foi posible extraer unha avaliación válida do modelo, polo que se aplica unha saída conservadora que require revisión manual."
Todo isto non é así xa que para ser unha supermodelo non só fai falta ter unha cara e un corpo bonito xa que se necesita ter un enorme esforzo físico e unha sacrificación constante para manter a imaxe que unha certa compañía ou axencia de modelos esixe.,Todo isto non é así xa que para ser unha supermodelo non só fai falta ter unha cara e un corpo bonito senón tamén unha enorme sacrificio constante para manter a imaxe que unha certa compañía ou axenda de modelos esixen.,1,"A etiqueta 1 asígnase porque o output_corrector non pode considerarse correcto xa que introduce un problema gramatical novo. Non foi posible extraer unha avaliación válida do modelo, polo que se aplica unha saída conservadora que require revisión manual."
"A xente esfórzase e sacrifícase para cumprir o seu sono, e máis nos tempos que corren.","A xente esforza e sacrifica para cumprir o seu soño, e máis nos tempos que corren.",1,"A etiqueta 1 asígnase porque o output_corrector non pode considerarse correcto xa que introduce un problema gramatical novo. Non foi posible extraer unha avaliación válida do modelo, polo que se aplica unha saída conservadora que require revisión manual."
Onde se aprecia unha conversación entre un pai e unha filla.,Onde se aprecia unha conversa entre un pai e unha filla.,1,"A etiqueta 1 asígnase porque o output_corrector non pode considerarse correcto xa que introduce un problema gramatical novo. Non foi posible extraer unha avaliación válida do modelo, polo que se aplica unha saída conservadora que require revisión manual."
Xa que hoxe en día son moi presentes na rutina dos adultos que teñen fillos.,Xa que hoxe en día son moi presentes na rutina dos adultos que teñen fillos.,1,"A etiqueta 1 asígnase porque o output_corrector coincide co input_corrector, pero o corrector non resolveu o problema presente na entrada. Non foi posible extraer unha avaliación válida do modelo, polo que se aplica unha saída conservadora que require revisión manual."
O apoio das familias é crucial para desenrolar esta etapa.,O apoio das familias é crucial para desenvolver esta etapa.,1,"A etiqueta 1 asígnase porque o output_corrector non pode considerarse correcto xa que introduce un problema gramatical novo. Non foi posible extraer unha avaliación válida do modelo, polo que se aplica unha saída conservadora que require revisión manual."
Cos motivos dados teño que dicir que estou de acordo coa autora e que temos que reflexionar sobre o tema para así poder tomar mellores decisións e cambiar a nosa forma de ver as cousas (se nos fai falta).,Cos motivos dados teño que dicir que estou de acordo coa autora e que temos que reflexionar sobre o tema para así poder tomar mellores decisións e cambiar a nosa forma de ver as cousas (se nos fai falta).,1,"A etiqueta 1 asígnase porque o output_corrector coincide co input_corrector, pero o corrector non resolveu o problema presente na entrada. Non foi posible extraer unha avaliación válida do modelo, polo que se aplica unha saída conservadora que require revisión manual."
Podemos apreciar isto en lugares tan comúns e visualizados como poden ser as noticias diarias emitidas en calquera canle de televisión.,Podemos apreciar isto en lugares tan comúns e visualizados como poden ser as noticias diarias emitidas en calquera canle de televisión.,1,"A etiqueta 1 asígnase porque o output_corrector coincide co input_corrector, pero o corrector non resolveu o problema presente na entrada. Non foi posible extraer unha avaliación válida do modelo, polo que se aplica unha saída conservadora que require revisión manual."
Isto dase deste xeito por unha razón moi simple.,Isto dáse deste xeito por unha razón moi simples.,0,O output_corrector é adecuado porque corrixiu o erro de pluralización de “dase” a “dáse” e o plural de “simple” a “simples”.
"En conclusión, na actualidade existen diferentes tipos de xóvenes e polo tanto diferentes tipos de evocacións.","En conclusión, na actualidade existen diferentes tipos de mozos e polo tanto diferentes tipos de evocacións.",1,"A etiqueta 1 asígnase porque o output_corrector non pode considerarse correcto xa que introduce un problema gramatical novo. Non foi posible extraer unha avaliación válida do modelo, polo que se aplica unha saída conservadora que require revisión manual."
Onde quedou o sono de ser estudado polas xeracións venideras?,Onde quedará o sono de ser estudado polas xeracións venideras?,0,"O output_corrector é adecuado porque corrixiu o erro do input_corrector, cambiando a forma verbal de “quedou” a “quedará” para manter a coherencia temporal."
O correcto sería xuzgar a sociedade por como son as persoas que a comprenden e non por como son aquelas que se dedican a ver a televisión e xogar con peluches.,O correcto sería xulgar a sociedade por como son as persoas que a comprenden e non por como son aquelas que se dedican a ver a televisión e xogar cos peluches.,1,"A etiqueta 1 asígnase porque o output_corrector non pode considerarse correcto xa que introduce un problema gramatical novo. Non foi posible extraer unha avaliación válida do modelo, polo que se aplica unha saída conservadora que require revisión manual."
A solución está por comezar a cambiar a sociedade e tratar de arranxar os erros que nos levaron ata aquí.,A solución está por comezar a cambiar a sociedade e tratar de arranxar os erros que nos levaron ata aquí.,1,"A etiqueta 1 asígnase porque o output_corrector coincide co input_corrector, pero o corrector non resolveu o problema presente na entrada. Non foi posible extraer unha avaliación válida do modelo, polo que se aplica unha saída conservadora que require revisión manual."
Pero a sociedade non pode depender só de xogar ao futbol ou ser modelo.,Pero a sociedade non pode depender só do fútbol ou da moda.,0,O output_corrector é adecuado porque corrixiu o erro do input_corrector entre “futbol” e “ou”.
"Hoxe en día nada é gratis, todo ten un precio.","Hoxe en día nada é gratis, todo ten o seu prezo.",1,"A etiqueta 1 asígnase porque o output_corrector non pode considerarse correcto xa que introduce un problema gramatical novo. Non foi posible extraer unha avaliación válida do modelo, polo que se aplica unha saída conservadora que require revisión manual."
"Por outra banda, podemos poñer como exemplo tamén a parexa de Cristiano Ronaldo, unha muller que ata o momento en que se coñeceu que tiña unha relación co futbolista non se sabía nada dela.","Por outra banda, podemos poñer como exemplo tamén á parella de Cristiano Ronaldo, unha muller que ata o momento no que se coñeceu que tiña unha relación co futbolista non se sabía nada dela.",1,"A etiqueta 1 asígnase porque o output_corrector non pode considerarse correcto xa que introduce un problema gramatical novo. Non foi posible extraer unha avaliación válida do modelo, polo que se aplica unha saída conservadora que require revisión manual."
"Sin embargo, ahora todas as nenas queren ser coma ela.","Sin embargo, agora todas as nenas queren ser como ela.",0,O output_corrector é adecuado porque corrixiu o erro do input_corrector entre “Sin” e “sin embargo” e entre “ahora” e “como”.
"Pero tamén é cierto que sempre procuramos ""copiar"" a alguén e normalmente non é bo.",Pero tamén é certo que sempre procuramos 'copiar' a alguén e normalmente non é bo.,0,O output_corrector é adecuado porque corrixiu o erro de acentuación e acentuación no input_corrector.
"En conclusión, a utilización da palabra é necesaria para enfrentarnos a algunhas situacións delicadas.","En conclusión, a utilización da palabra é necesaria para enfrontarnos a algunhas situacións delicadas.",1,"A etiqueta 1 asígnase porque o output_corrector non pode considerarse correcto xa que introduce un problema gramatical novo. Non foi posible extraer unha avaliación válida do modelo, polo que se aplica unha saída conservadora que require revisión manual."
"No meu caso non tería ese tipo de discusión, porque si se pode eu iría ao máis barato para non gastar moito.","No meu caso non tería ese tipo de discusión, porque si se pode eu ía ao máis barato para non gastar moito.",1,"A etiqueta 1 asígnase porque o output_corrector non pode considerarse correcto xa que introduce un problema gramatical novo. Non foi posible extraer unha avaliación válida do modelo, polo que se aplica unha saída conservadora que require revisión manual."
"Véndesenos cada día mediante publicidade, ""marketing"" e imaxes unha determinada realidade e esta éntranos polos ollos sen caer na conta da súa falsedade.",Véndese nos supermercados diariamente produtos que son anunciados como saudables pero non o son realmente.,1,"A etiqueta 1 asígnase porque o output_corrector non pode considerarse correcto xa que introduce un problema gramatical novo. Non foi posible extraer unha avaliación válida do modelo, polo que se aplica unha saída conservadora que require revisión manual."
"Rematamos por creer que o importante é ter unha cara sen manchas, o último móbil ou o mellor coche do mercado.","Rematamos por crer que o importante é ter unha cara sen manchas, o último móbil ou o mellor coche do mercado.",1,"A etiqueta 1 asígnase porque o output_corrector non pode considerarse correcto xa que introduce un problema gramatical novo. Non foi posible extraer unha avaliación válida do modelo, polo que se aplica unha saída conservadora que require revisión manual."
"Cando hai un atentado ou un desastre natural subimos á rede imaxes o frases como ""pray for París"".",Cando hai un atentado ou un desastre natural subimos á rede imaxes ou frases como «Pray for Paris».,0,"O output_corrector é adecuado porque corrixiu o erro do input_corrector, cambiando a expresión incorrecta por outra correcta."
Prodúcense e gáñanse máis cartos emitindo o contenido mencionado primeiramente.,Prodúcense e gáñanse máis cartos emitindo o contido mencionado primeiro.,0,"O output_corrector é adecuado porque corrixiu o erro de “contenido” por “contido”, que é a forma correcta en galego."
"Un dos problemas, inclusive o máis importante é a falta de comunicación entre pais e fillos, a cal leva a peleas e discusións innecesarias.","Un dos problemas, incluso o máis importante é a falta de comunicación entre pais e fillos, que leva a pelexas e discusións innecesarias.",0,O output_corrector é adecuado porque corrixiu o erro de concordancia entre o suxeito “problemas” e o verbo “é”.
A autora fala sobre a sociedade xoven e como marcan as súas pautas a nivel social e académico.,A autora fala sobre a sociedade xuvenil e como marcan as súas pautas a nivel social e académico.,0,"O output_corrector é adecuado porque corrixiu o erro do input_corrector entre “xoven” e “joven” para “xuvenil”, que é a forma correcta en galego."
É iso algo perxudicial para a sociedade?,É isto algo prexudicial para a sociedade?,1,"A etiqueta 1 asígnase porque o output_corrector non pode considerarse correcto xa que introduce un problema gramatical novo. Non foi posible extraer unha avaliación válida do modelo, polo que se aplica unha saída conservadora que require revisión manual."
Triunfar no deporte que che gusta practicar pode ser o soño de calquer persoa.,Triunfar no deporte que che gusta practicar pode ser o soño de calquera persoa.,1,"A etiqueta 1 asígnase porque o output_corrector non pode considerarse correcto xa que introduce un problema gramatical novo. Non foi posible extraer unha avaliación válida do modelo, polo que se aplica unha saída conservadora que require revisión manual."
"Esperemos que o panorama cambie o se non, que Deus nos pille confesados.","Esperemos que o panorama cambie ou se non, que Deus nos pille confesados.",0,"O output_corrector é adecuado porque corrixiu o erro do input_corrector, cambiando a coma por un ou para evitar a repetición de palabras."
Ela non sae cada mediodía no telediario nin é practicamente nunca portada do xornal.,Ela non sae cada mediodía no telexornal nin é case nunca portada dos xornais.,1,"A etiqueta 1 asígnase porque o output_corrector non pode considerarse correcto xa que introduce un problema gramatical novo. Non foi posible extraer unha avaliación válida do modelo, polo que se aplica unha saída conservadora que require revisión manual."
"Aparte de que a muller no mundo do deporte carece de recoñecemento, o fútbol está por enriba de calquera outro deporte.","A parte de que a muller no mundo do deporte carece de recoñecemento, o fútbol está por riba de calquera outro deporte.",1,"A etiqueta 1 asígnase porque o output_corrector non pode considerarse correcto xa que introduce un problema gramatical novo. Non foi posible extraer unha avaliación válida do modelo, polo que se aplica unha saída conservadora que require revisión manual."
Non é saudable nin recomendable pero a sociedade de hoxe en día é moi perxudicial para os que se deixan influenciar.,Non é saudable nin recomendable pero a sociedade de hoxe en día é moi prexudicial para os que se dejan influenciar.,1,"A etiqueta 1 asígnase porque o output_corrector non pode considerarse correcto xa que introduce un problema gramatical novo. Non foi posible extraer unha avaliación válida do modelo, polo que se aplica unha saída conservadora que require revisión manual."
"En canto ao problema do texto, penso que a filla fixo moi mal chamando ao pai, sabendo que o interrumpiría no traballo, só porque a nai non lle consentiu facer algo tan materialista como é ""ir de compras"".","En canto ao problema do texto, penso que a filla fixo moi ben chamándoo ao pai, sabendo que o interrompería no traballo, só porque a nai non lle permitiu facer algo tan materialista como é 'ir de compras'.",1,"A etiqueta 1 asígnase porque o output_corrector non pode considerarse correcto xa que introduce un problema gramatical novo. Non foi posible extraer unha avaliación válida do modelo, polo que se aplica unha saída conservadora que require revisión manual."
"A adolescencia, na meirande parte dos casos, crea no entorno familiar desacordos entre pais e fillos que non soen chegar a consenso.","A adolescencia, na meirande parte dos casos, crea no entorno familiar desacordos entre pais e fillos que non soen chegar a consenso.",1,"A etiqueta 1 asígnase porque o output_corrector coincide co input_corrector, pero o corrector non resolveu o problema presente na entrada. Non foi posible extraer unha avaliación válida do modelo, polo que se aplica unha saída conservadora que require revisión manual."
A relación entre pais e adolescentes é compricada porque un problemiña dos adolescentes para eles é un mundo e para os seus pais é insignificante.,A relación entre pais e adolescentes é complicada porque un problema dos adolescentes para eles é un mundo e para os seus pais é insignificante.,0,"O output_corrector é adecuado porque corrixiu o erro de “compricada” a “complicada” e o erro de “problemíña” a “problema”, mellorando a gramática e a claridade da oración."
O texto reflexa máis dun problema entre pais e fillos adolescentes.,O texto reflexa máis dun problema entre pais e fillos adolescentes.,1,"A etiqueta 1 asígnase porque o output_corrector coincide co input_corrector, pero o corrector non resolveu o problema presente na entrada. Non foi posible extraer unha avaliación válida do modelo, polo que se aplica unha saída conservadora que require revisión manual."
"A todo isto, non pretendo afirmar que non hai traballo de fondo, de feito, hai moitas horas de esforzo e traballo, pero iso non o mostran; os rigurosos e duros adestramentos diarios, todas as veces que se cometen erros e hai que repetir o exercicio ou dar outra volta para afianzar terreo.","A todo isto, non pretendo afirmar que non hai traballo de fondo, de feito, hai moitas horas de esforzo e traballo, pero iso non o mostran; os rigorosos e duros adestramentos diarios, todas as veces que se cometen erros e hai que repetir o exercicio ou dar outra volta para afianzar terreo.",1,"A etiqueta 1 asígnase porque o output_corrector non pode considerarse correcto xa que introduce un problema gramatical novo. Non foi posible extraer unha avaliación válida do modelo, polo que se aplica unha saída conservadora que require revisión manual."
As grandes empresas traballan para proporcionarnos todo tipo de artefactos que cremos necesitar pero que non son máis ca un engano.,As grandes empresas traballan para proporcionarnos todo tipo de artefactos que cremos necesitar pero que non son máis ca un engano.,1,"A etiqueta 1 asígnase porque o output_corrector coincide co input_corrector, pero o corrector non resolveu o problema presente na entrada. Non foi posible extraer unha avaliación válida do modelo, polo que se aplica unha saída conservadora que require revisión manual."
"Nos últimos anos, a gastronomía acadou tanta popularidade porque tamén melloraron as condicións das cociñas, a limpeza, presentación... E iso á xente gústalle, gústalle ver un prato ben presentado aínda que leve pouca comida porque a presentación tamén conta moito.","Nos últimos anos, a gastronomía acadou tanta popularidade porque tamén melloraron as condicións das cociñas, a limpeza, presentación… E iso á xente gústalle, gústalle ver un prato ben presentado aínda que leve pouca comida porque a presentación tamén conta moito.",0,"O output_corrector é adecuado porque corrixiu os erros de puntuación e acentuación do input_corrector, mellorando a presentación do texto."
Nestes últimos anos xurdiron numerosas tendencias e correntes gastronómicas que grazas a Internet acadaron moita fama e moita repercusión.,Nestes últimos anos xurdiron numerosas tendencias e correntes gastronómicas que grazas á internet acadaron moita fame e moita repercusión.,1,"A etiqueta 1 asígnase porque o output_corrector non pode considerarse correcto xa que introduce un problema gramatical novo. Non foi posible extraer unha avaliación válida do modelo, polo que se aplica unha saída conservadora que require revisión manual."
"Este feito súmase á moda de ir a eses restaurantes modernos e caros a comer moi pouca cousa pero moi rica e sobre todo, moi cara.",Este feito súmese á moda de ir aos restaurantes modernos e caros para comer pouco mais rico e caro.,0,"O output_corrector é adecuado porque corrixiu o erro do input_corrector, cambiando a forma incorrecta de expresar a idea e facendo que o texto sexa máis claro e gramaticalmente correcto."
Nós nada máis nacer xa pasamos a formar parte do mundo do consumo e a produción.,Nós nada mais nacer xa pasamos a formar parte do mundo do consumo e da produción.,1,"A etiqueta 1 asígnase porque o output_corrector non pode considerarse correcto xa que introduce un problema gramatical novo. Non foi posible extraer unha avaliación válida do modelo, polo que se aplica unha saída conservadora que require revisión manual."
Non poderían existir a unha sen a outra por iso é imprescindible que se dean as dúas e así obter o máximo beneficio.,non podería existir a unha sen a outra por iso é imprescindíbel que se den as dúas e así obter o máximo beneficio.,0,"O output_corrector é adecuado porque corrixiu o erro de pluralización e a forma verbal, mellorando a gramática e a clareza do texto."
Entón podemos afirmar que a produción e o consumo son procesos que están moi relacionados xa que se non existira un o outro tampouco tería sentido.,Entón podemos afirmar que a produción e o consumo son procesos que están moi relacionados xa que sen eles ningún dos dous terían sentido.,1,"A etiqueta 1 asígnase porque o output_corrector non pode considerarse correcto xa que introduce un problema gramatical novo. Non foi posible extraer unha avaliación válida do modelo, polo que se aplica unha saída conservadora que require revisión manual."
"A situación é delicada, xa que de querer frear este consumismo excesivo, todas as economías acabarían desfeitas.","A situación é delicada, xa que de querer frear este consumismo excesivo, todas as economías acabarían desfeitas.",1,"A etiqueta 1 asígnase porque o output_corrector coincide co input_corrector, pero o corrector non resolveu o problema presente na entrada. Non foi posible extraer unha avaliación válida do modelo, polo que se aplica unha saída conservadora que require revisión manual."
"Na miña opinión quedará mentres a xente atope tempo suficiente para cociñar, pero en canto a xente se canse de utilizar o seu tempo libre en cociñar e apareza outra moda máis nova desaparecerá.","Na miña opinión quedará mentres a xente atope tempo suficiente para cociñar, pero en canto a xente se canse de utilizar o seu tempo libre en cociñar e apareza outra moda máis nova desaparecerá.",1,"A etiqueta 1 asígnase porque o output_corrector coincide co input_corrector, pero o corrector non resolveu o problema presente na entrada. Non foi posible extraer unha avaliación válida do modelo, polo que se aplica unha saída conservadora que require revisión manual."
"Porén, grazas á globalización e ás novas tecnoloxías este coñecemento estendeuse, o que na miña opinión supón un avance, xa que unha parte importante dunha cultura é a súa comida.","Porén, grazas á globalización e as novas tecnoloxías este coñecemento estendeuse, o que na miña opinión supón un avance, xa que unha parte importante dunha cultura é a súa comida.",1,"A etiqueta 1 asígnase porque o output_corrector non pode considerarse correcto xa que introduce un problema gramatical novo. Non foi posible extraer unha avaliación válida do modelo, polo que se aplica unha saída conservadora que require revisión manual."
"No texto expóñense dous casos de consumismo diferentes, pero que ao mesmo tempo son moi semellantes: mercar cousas non necesarias aínda que non se estea a vivir unha situacion económica favorable, e mercar produtos de marca porque se consideran mellores e gastar máis cartos deste xeito.","No texto expóñense dous casos de consumismo diferentes, pero que ao mesmo tempo son moi similares: mercar cousas innecesarias aínda que non se estea vivindo unha situación económica favorábel, e mercar produtos de marca por consideralos mellores e gastar máis diñeiro deste xeito.",0,"O output_corrector é adecuado porque corrixiu os erros do input_corrector, como a falta de acentos e a ortografía incorrecta en palabras como “situación” e “diñeiro”."
Neste caso no texto observamos o problema de Mariano coa súa filla que quere ou pretende ir de compras a Londres e París cando seguramente no seu armario ten numerosas e abundantes pezas de roupa sen necesidade de comprar máis.,Neste caso non observamos ningún problema relacionado co tema da compra de roupas na cidade de Londres e París por parte dunha persoa chamada Mariano.,1,"A etiqueta 1 asígnase porque o output_corrector non pode considerarse correcto xa que introduce un problema gramatical novo. Non foi posible extraer unha avaliación válida do modelo, polo que se aplica unha saída conservadora que require revisión manual."
"Neste texto escrito por Xavier Quiroga, ten como tema o conflito entre uns pais coa súa filla.","Neste texto escrito por Xabier Quiroga, ten como tema o conflito entre unha nai e a súa filla.",1,"A etiqueta 1 asígnase porque o output_corrector non pode considerarse correcto xa que introduce un problema gramatical novo. Non foi posible extraer unha avaliación válida do modelo, polo que se aplica unha saída conservadora que require revisión manual."
En resumidas contas é unha cuestión de educación.,En resumidas contas é unha cuestión de educación.,1,"A etiqueta 1 asígnase porque o output_corrector coincide co input_corrector, pero o corrector non resolveu o problema presente na entrada. Non foi posible extraer unha avaliación válida do modelo, polo que se aplica unha saída conservadora que require revisión manual."
"Estas personalidades non só son o modelo de nenos, tamén o son de adultos xa que manexan importantes cantidades de diñeiro por aparecer na televisión.","Estas personalidades non só son o modelo de nenos, senón que tamén o son de adultos xa que xestionan grandes cantidades de cartos por aparecer na televisión.",0,"O output_corrector é adecuado porque corrixiu o erro do input_corrector, cambiando “diñeiro” por “cartos” e “xa que” por “senón que”, e “manexan” por “xestionan”, o que mellora a gramática e a claridade da oración."
Non pode deberse todo ás hormonas ¿non?,Non pode deberse todo ás hormonas ? non?,1,"A etiqueta 1 asígnase porque o output_corrector non pode considerarse correcto xa que introduce un problema gramatical novo. Non foi posible extraer unha avaliación válida do modelo, polo que se aplica unha saída conservadora que require revisión manual."
"Dende o meu punto de vista ter unha boa relación cos teus pais é fundamental xa que ao ser máis maiores e querer o mellor para ti, poden dar os mellores consellos e moitas situacións irían a mellor.","Dende o meu punto de vista ter unha boa relación cos teus pais é fundamental xa que ao ser máis maiores e querer o mellor para ti, poden dar os mellores consellos e moitas situacións irian a mellor.",1,"A etiqueta 1 asígnase porque o output_corrector non pode considerarse correcto xa que introduce un problema gramatical novo. Non foi posible extraer unha avaliación válida do modelo, polo que se aplica unha saída conservadora que require revisión manual."
"Como xa dixen antes, os adolescentes non sabemos o que queremos é dicir somos moi caprichosos e queremos todo en todo momento, somos peor con 16 ou 17 anos que con catro.","Como xa dixen antes, os adolescentes non sabemos o que queremos; somos moi caprichosos e queremos todo en todo momento, somos peores con 16 ou 17 anos ca con catro.",0,"O output_corrector é adecuado porque corrixiu os erros do input_corrector, como a falta de puntuación e a errada escritura de “peor” en lugar de “peores”."
"A mocidade ten as súas cousas malas pero tamén boas, xa que todos buscamos o mellor futuro, e isto conséguese culturizándonos e formándonos.","A mocidade ten as súas cousas malas pero tamén bos, xa que todos buscamos o mellor futuro, e isto conséguese cultivando-nos e formando-nos.",1,"A etiqueta 1 asígnase porque o output_corrector non pode considerarse correcto xa que introduce un problema gramatical novo. Non foi posible extraer unha avaliación válida do modelo, polo que se aplica unha saída conservadora que require revisión manual."
Se unha persoa non está cómoda no seu ámbito familiar o mellor que pode facer é intentar solucionalo e erradicar o conflito.,Se unha persoa non está cómoda no seu ámbito familiar o mellor que pode facer é tentar solucionarlo e erradicar o conflito.,0,O output_corrector é adecuado porque corrixiu o erro do input_corrector entre “solucionalo” e “erradicar o conflito”.
Si que é verdade que a adolescencia é unha etapa un pouco complicada pero que todos acabamos pasamos e sabemos como pode influír.,Si que é verdade que a adolescencia é unha etapa un pouco complicada pero que todos acabamos pasados e sabemos como pode influír.,1,"A etiqueta 1 asígnase porque o output_corrector non pode considerarse correcto xa que introduce un problema gramatical novo. Non foi posible extraer unha avaliación válida do modelo, polo que se aplica unha saída conservadora que require revisión manual."
"O que quero dicir con isto é que tódolos traballos se deberían valorar do mesmo xeito xa que todos levan o seu tempo e esforzo, sexa do tipo que sexa.","O que quero dicir con isto é que tódolos traballos se deberían valorar do mesmo xeito xa que todos levan o seu tempo e esforzo, sexa do tipo que sexa.",1,"A etiqueta 1 asígnase porque o output_corrector coincide co input_corrector, pero o corrector non resolveu o problema presente na entrada. Non foi posible extraer unha avaliación válida do modelo, polo que se aplica unha saída conservadora que require revisión manual."
"En certo sentido non é problema dos nenos, é un problema da sociedade e dos valores que se transmiten hoxe en día.","En certo sentido non é problema dos nenos, senón dos adultos; é un problema da sociedade e dos valores que se transmiten hoxe en día.",0,"O output_corrector é adecuado porque corrixiu o erro do input_corrector, cambiando “non” por “senón”, o que mellora a clareza e a corrección gramatical da oración."
Na miña opinión unha sociedade así non é boa e hai que promover a cultura e o esforzo e non darlle relevancia a quen intenta vivir do conto.,"Na miña opinión, unha sociedade así non é boa e hai que promover a cultura e o esforzo, e non lle dar relevancia a quen tenta vivir do conto.",0,"O output_corrector é adecuado porque corrixiu o erro do input_corrector, mellorando a gramática e a sintaxe."
E isto non é favorable nin para os pais nin para os fillos,E isto non é favorable nin para os pais nin para os fillos léinn,1,"A etiqueta 1 asígnase porque o output_corrector non pode considerarse correcto xa que introduce un problema gramatical novo. Non foi posible extraer unha avaliación válida do modelo, polo que se aplica unha saída conservadora que require revisión manual."
